School ID,School Name,Network,Governance,School Type,Community Area,Total,PE,PK,K,1,2,3,4,5,6,7,8,9,10,11,12
609772,ADDAMS,ISP,District,Traditional,EAST SIDE,553,21,40,50,49,48,57,56,51,56,60,65,0,0,0,0
610513,AIR FORCE HS,Network 16,District,Traditional,ARMOUR SQUARE,142,0,0,0,0,0,0,0,0,0,0,0,31,32,40,39
610212,ALBANY PARK,Network 1,District,Traditional,ALBANY PARK,221,0,0,0,0,0,0,0,0,0,100,121,0,0,0,0
609774,ALCOTT ES,Network 4,District,Traditional,LINCOLN PARK,602,0,110,54,53,50,57,52,50,56,53,67,0,0,0,0
610524,ALCOTT HS,Network 15,District,Traditional,NORTH CENTER,346,0,0,0,0,0,0,0,0,0,0,0,99,112,87,48
609848,ALDRIDGE,Network 13,District,Traditional,RIVERDALE,234,3,16,16,28,27,22,25,22,21,26,28,0,0,0,0
609695,AMUNDSEN HS,ISP,District,Traditional,LINCOLN SQUARE,"1,497",0,0,0,0,0,0,0,0,0,0,0,383,361,375,378
609951,ARIEL,Network 9,District,Traditional,KENWOOD,354,1,35,30,29,36,34,35,36,31,42,45,0,0,0,0
609777,ARMOUR,ISP,District,Traditional,BRIDGEPORT,248,1,16,27,27,21,30,22,22,29,25,28,0,0,0,0
609779,ARMSTRONG G,ISP,District,Traditional,WEST RIDGE,"1,258",28,61,128,126,120,134,121,131,137,132,140,0,0,0,0
610287,ASHBURN,Network 10,District,Traditional,ASHBURN,350,3,30,28,27,37,33,29,36,46,43,38,0,0,0,0
610268,ASHE,Network 12,District,Traditional,CHATHAM,355,2,18,35,38,38,43,44,29,32,36,40,0,0,0,0
609782,AUDUBON,Network 4,District,Traditional,NORTH CENTER,574,0,131,51,66,55,45,47,47,51,37,44,0,0,0,0
610518,AUSTIN CCA HS,Network 15,District,Traditional,AUSTIN,167,0,0,0,0,0,0,0,0,0,0,0,46,40,49,32
609786,AVALON PARK,Network 12,District,Traditional,AVALON PARK,226,0,19,21,15,29,22,21,19,30,23,27,0,0,0,0
610325,AVONDALE-LOGANDALE,Network 4,District,Traditional,AVONDALE,509,2,25,48,49,48,49,46,53,62,61,66,0,0,0,0
610544,AZUELA,ISP,District,Traditional,WEST LAWN,709,0,0,60,74,74,57,89,82,80,90,103,0,0,0,0
610563,BACK OF THE YARDS HS,ISP,District,Traditional,NEW CITY,"1,004",0,0,0,0,0,0,0,0,0,0,0,258,251,252,243
609788,BARNARD,Network 10,District,Traditional,BEVERLY,263,2,15,17,26,23,26,31,29,32,28,34,0,0,0,0
609789,BARRY,Network 4,District,Traditional,HERMOSA,440,0,32,49,51,69,54,62,61,62,0,0,0,0,0,0
609790,BARTON,Network 11,District,Traditional,AUBURN GRESHAM,384,26,19,35,39,36,38,25,36,42,50,38,0,0,0,0
609791,BASS,Network 11,District,Traditional,ENGLEWOOD,347,15,18,30,43,40,30,39,35,37,26,34,0,0,0,0
609792,BATEMAN,Network 1,District,Traditional,IRVING PARK,891,22,63,81,90,100,97,92,88,83,80,95,0,0,0,0
610083,BEARD,Network 1,District,Specialty,NORWOOD PARK,249,57,128,16,16,18,14,0,0,0,0,0,0,0,0,0
610246,BEASLEY,Network 9,District,Traditional,WASHINGTON PARK,"1,064",50,69,115,115,116,113,80,103,100,95,108,0,0,0,0
609796,BEAUBIEN,Network 1,District,Traditional,JEFFERSON PARK,960,0,19,98,108,112,107,111,107,102,101,95,0,0,0,0
610237,BEETHOVEN,Network 9,District,Traditional,GRAND BOULEVARD,264,8,32,25,32,31,20,19,23,29,23,22,0,0,0,0
609797,BEIDLER,Network 5,District,Traditional,EAST GARFIELD PARK,260,8,16,25,24,38,29,22,20,26,28,24,0,0,0,0
609798,BELDING,Network 1,District,Traditional,IRVING PARK,550,0,40,70,53,56,59,45,48,57,62,60,0,0,0,0
609799,BELL,Network 4,District,Traditional,NORTH CENTER,885,1,4,105,97,91,103,91,106,103,84,100,0,0,0,0
609922,BELMONT-CRAGIN,Network 3,District,Traditional,BELMONT CRAGIN,491,59,84,46,45,42,45,26,30,45,44,25,0,0,0,0
609800,BENNETT,Network 13,District,Traditional,ROSELAND,267,0,25,28,30,24,36,23,21,28,26,26,0,0,0,0
610350,BLACK,Network 12,District,Traditional,CALUMET HEIGHTS,399,0,0,47,38,43,38,46,50,48,45,44,0,0,0,0
609803,BLAINE,Network 4,District,Traditional,LAKE VIEW,634,1,58,60,64,71,73,60,53,76,48,70,0,0,0,0
610087,BLAIR,Network 10,District,Specialty,CLEARING,228,83,74,33,38,0,0,0,0,0,0,0,0,0,0,0
609698,BOGAN HS,Network 16,District,Traditional,ASHBURN,641,0,0,0,0,0,0,0,0,0,0,0,148,198,160,135
610238,BOND,Network 11,District,Traditional,ENGLEWOOD,226,1,22,26,21,28,29,23,17,19,20,20,0,0,0,0
609804,BOONE,Network 2,District,Traditional,WEST RIDGE,714,0,56,68,85,74,76,68,58,66,84,79,0,0,0,0
609815,BOUCHET,Network 12,District,Traditional,SOUTH SHORE,597,5,49,77,67,58,65,56,68,56,40,56,0,0,0,0
610323,BOWEN HS,Network 17,District,Traditional,SOUTH CHICAGO,197,0,0,0,0,0,0,0,0,0,0,0,45,51,47,54
609806,BRADWELL,Network 12,District,Traditional,SOUTH SHORE,420,2,22,52,31,50,43,39,47,39,50,45,0,0,0,0
610242,BRENNEMANN,Network 2,District,Traditional,UPTOWN,434,25,31,41,48,46,39,35,45,43,38,43,0,0,0,0
609809,BRENTANO,Network 4,District,Traditional,LOGAN SQUARE,691,21,49,79,82,77,80,75,69,70,48,41,0,0,0,0
609810,BRIDGE,Network 1,District,Traditional,DUNNING,"1,085",39,50,107,118,107,101,101,119,121,103,119,0,0,0,0
609811,BRIGHT,Network 13,District,Traditional,SOUTH DEERING,228,0,8,23,25,17,26,27,26,31,31,14,0,0,0,0
610317,BRIGHTON PARK,Network 8,District,Traditional,BRIGHTON PARK,277,0,18,26,28,34,17,17,25,43,34,35,0,0,0,0
610590,BRONZEVILLE CLASSICAL,Network 9,District,Traditional,GRAND BOULEVARD,395,0,0,55,54,56,55,59,58,58,0,0,0,0,0,0
610381,BRONZEVILLE HS,Network 17,District,Traditional,GRAND BOULEVARD,73,0,0,0,0,0,0,0,0,0,0,0,30,24,10,9
609726,BROOKS HS,ISP,District,Traditional,ROSELAND,977,0,0,0,0,0,0,0,0,0,63,54,211,198,216,235
610091,BROWN R,Network 13,District,Traditional,WEST PULLMAN,292,28,25,16,23,30,26,26,37,22,26,33,0,0,0,0
609812,BROWN W,Network 6,District,Traditional,NEAR WEST SIDE,209,12,18,16,16,17,20,18,19,26,27,20,0,0,0,0
609813,BROWNELL,Network 12,District,Traditional,GREATER GRAND CROSSING,135,2,14,17,18,10,19,23,17,15,0,0,0,0,0,0
609830,BRUNSON,Network 3,District,Traditional,AUSTIN,420,36,42,39,53,30,39,23,34,40,46,38,0,0,0,0
609817,BUDLONG,ISP,District,Traditional,LINCOLN SQUARE,675,1,91,75,78,77,52,57,58,66,52,68,0,0,0,0
609818,BURBANK,Network 3,District,Traditional,BELMONT CRAGIN,698,16,37,57,63,63,69,82,65,68,84,94,0,0,0,0
609819,BURKE,Network 9,District,Traditional,WASHINGTON PARK,280,6,27,29,29,31,24,27,32,27,21,27,0,0,0,0
609820,BURLEY,ISP,District,Traditional,LAKE VIEW,493,0,0,58,60,68,56,60,52,44,50,45,0,0,0,0
609821,BURNHAM,Network 13,District,Traditional,SOUTH DEERING,429,6,21,36,38,35,34,44,38,52,65,60,0,0,0,0
609827,BURNSIDE,Network 12,District,Traditional,CHATHAM,308,0,23,31,24,30,33,32,31,39,27,38,0,0,0,0
609828,BURR,Network 6,District,Traditional,WEST TOWN,479,0,0,46,56,48,49,57,58,51,58,56,0,0,0,0
609829,BURROUGHS,Network 8,District,Traditional,BRIGHTON PARK,320,0,20,14,25,28,43,41,32,35,40,42,0,0,0,0
609832,BYRNE,Network 10,District,Traditional,GARFIELD RIDGE,614,0,0,53,58,80,62,68,74,57,86,76,0,0,0,0
609833,CALDWELL,ISP,District,Traditional,AVALON PARK,205,1,15,14,18,21,20,20,17,22,27,30,0,0,0,0
610353,CALMECA,Network 8,District,Traditional,BRIGHTON PARK,614,15,29,51,62,57,62,59,72,72,72,63,0,0,0,0
609835,CAMERON,Network 5,District,Traditional,HUMBOLDT PARK,565,4,27,41,55,53,49,59,65,70,72,70,0,0,0,0
610539,CAMRAS,ISP,District,Traditional,BELMONT CRAGIN,775,32,66,57,56,83,72,76,71,87,85,90,0,0,0,0
609836,CANTY,Network 1,District,Traditional,DUNNING,797,12,70,73,78,79,79,78,77,85,86,80,0,0,0,0
610024,CARDENAS,ISP,District,Traditional,SOUTH LAWNDALE,818,0,38,77,81,81,88,82,95,80,82,114,0,0,0,0
609837,CARNEGIE,Network 9,District,Traditional,WOODLAWN,439,0,0,32,35,51,45,57,55,52,59,53,0,0,0,0
609839,CARROLL,Network 10,District,Traditional,ASHBURN,417,25,48,30,43,44,34,34,42,42,44,31,0,0,0,0
609842,CARSON,ISP,District,Traditional,GAGE PARK,791,1,53,75,67,69,99,69,72,69,105,112,0,0,0,0
609844,CARTER,Network 9,District,Traditional,WASHINGTON PARK,295,1,19,28,39,35,21,25,32,34,39,22,0,0,0,0
609845,CARVER G,Network 13,District,Traditional,RIVERDALE,461,3,30,34,63,52,42,38,43,62,42,52,0,0,0,0
609760,CARVER MILITARY HS,Network 17,District,Traditional,RIVERDALE,412,0,0,0,0,0,0,0,0,0,0,0,128,107,83,94
610021,CASALS,Network 5,District,Traditional,HUMBOLDT PARK,349,20,23,29,40,28,35,24,34,34,37,45,0,0,0,0
609849,CASSELL,ISP,District,Traditional,MOUNT GREENWOOD,351,0,0,30,42,38,49,36,32,39,42,43,0,0,0,0
610251,CATHER,Network 5,District,Traditional,EAST GARFIELD PARK,340,27,14,30,35,27,34,32,42,33,35,31,0,0,0,0
609851,CHALMERS,Network 5,District,Traditional,NORTH LAWNDALE,218,0,12,23,13,25,20,25,25,26,22,27,0,0,0,0
609852,CHAPPELL,Network 2,District,Traditional,LINCOLN SQUARE,541,13,45,55,53,51,66,53,55,59,45,46,0,0,0,0
609853,CHASE,Network 4,District,Traditional,LOGAN SQUARE,376,43,40,37,40,43,22,25,25,31,33,37,0,0,0,0
610148,CHAVEZ,ISP,District,Traditional,NEW CITY,823,0,58,92,73,88,84,82,82,83,88,93,0,0,0,0
610248,CHICAGO ACADEMY ES,AUSL,District,Traditional,DUNNING,565,0,56,52,56,53,58,51,59,59,60,61,0,0,0,0
610340,CHICAGO ACADEMY HS,AUSL,District,Traditional,DUNNING,552,0,0,0,0,0,0,0,0,0,0,0,137,141,133,141
609753,CHICAGO AGRICULTURE HS,ISP,District,Traditional,MOUNT GREENWOOD,791,0,0,0,0,0,0,0,0,0,0,0,197,189,201,204
609754,CHICAGO MILITARY HS,Network 17,District,Traditional,DOUGLAS,228,0,0,0,0,0,0,0,0,0,0,0,56,62,60,50
609674,CHICAGO VOCATIONAL HS,Network 17,District,Traditional,AVALON PARK,626,0,0,0,0,0,0,0,0,0,0,0,193,179,128,126
610060,Chicago World Language Academy,Network 6,District,Traditional,NEAR WEST SIDE,454,0,0,50,55,53,55,56,57,56,35,37,0,0,0,0
609854,CHOPIN,Network 5,District,Traditional,WEST TOWN,267,1,20,27,34,25,28,18,27,32,26,29,0,0,0,0
609855,CHRISTOPHER,Network 8,District,Traditional,GAGE PARK,331,0,0,16,31,29,32,36,40,50,50,47,0,0,0,0
610347,CLAREMONT,Network 10,District,Traditional,CHICAGO LAWN,340,4,15,26,35,38,33,30,39,48,33,39,0,0,0,0
609795,CLARK ES,ISP,District,Traditional,AUSTIN,146,0,8,13,11,17,11,17,18,21,11,19,0,0,0,0
610244,CLARK HS,ISP,District,Traditional,AUSTIN,460,0,0,0,0,0,0,0,0,0,0,0,115,120,99,126
609856,CLAY,Network 13,District,Traditional,HEGEWISCH,539,18,36,39,59,50,50,49,64,50,55,69,0,0,0,0
609759,CLEMENTE HS,Network 15,District,Traditional,WEST TOWN,594,0,0,0,0,0,0,0,0,0,0,0,140,185,142,127
609857,CLEVELAND,Network 1,District,Traditional,IRVING PARK,462,27,41,35,48,41,49,42,50,47,36,46,0,0,0,0
609859,CLINTON,ISP,District,Traditional,WEST RIDGE,"1,006",1,39,110,107,84,107,102,125,106,109,116,0,0,0,0
609861,CLISSOLD,Network 10,District,Traditional,MORGAN PARK,391,2,17,31,52,33,40,36,46,40,51,43,0,0,0,0
610199,COLEMON,Network 13,District,Traditional,WEST PULLMAN,193,2,19,22,14,18,20,23,18,17,13,27,0,0,0,0
609862,COLES,Network 12,District,Traditional,SOUTH CHICAGO,263,4,22,26,24,23,27,23,28,28,33,25,0,0,0,0
610499,COLLINS HS,AUSL,District,Traditional,NORTH LAWNDALE,223,0,0,0,0,0,0,0,0,0,0,0,51,61,60,51
610170,COLUMBIA EXPLORERS,ISP,District,Traditional,BRIGHTON PARK,748,30,73,60,69,64,73,67,56,82,82,92,0,0,0,0
609863,COLUMBUS,ISP,District,Traditional,WEST TOWN,278,0,17,29,25,30,30,30,24,28,29,36,0,0,0,0
609864,COOK,Network 11,District,Traditional,AUBURN GRESHAM,318,7,17,27,29,38,34,31,28,40,34,33,0,0,0,0
609866,COONLEY,Network 2,District,Traditional,NORTH CENTER,791,0,0,71,67,77,75,89,115,107,95,95,0,0,0,0
609867,COOPER,Network 7,District,Traditional,LOWER WEST SIDE,408,2,15,29,43,34,37,46,55,46,56,45,0,0,0,0
609870,CORKERY,ISP,District,Traditional,SOUTH LAWNDALE,430,1,19,42,48,41,42,50,49,45,43,50,0,0,0,0
609761,CORLISS HS,Network 17,District,Traditional,PULLMAN,300,0,0,0,0,0,0,0,0,0,0,0,83,86,62,69
610355,COURTENAY,Network 2,District,Traditional,UPTOWN,211,1,11,22,21,27,20,32,17,24,16,20,0,0,0,0
610561,CRANE MEDICAL HS,Network 15,District,Traditional,NEAR WEST SIDE,313,0,0,0,0,0,0,0,0,0,0,0,67,65,82,99
609873,CROWN,Network 5,District,Traditional,NORTH LAWNDALE,125,0,6,10,13,9,21,12,23,7,13,11,0,0,0,0
610003,CUFFE,Network 11,District,Traditional,AUBURN GRESHAM,228,0,23,24,24,15,29,24,20,29,20,20,0,0,0,0
610004,CULLEN,Network 13,District,Traditional,ROSELAND,164,0,0,14,19,21,18,14,18,19,21,20,0,0,0,0
609756,CURIE HS,Network 15,District,Traditional,ARCHER HEIGHTS,"2,935",0,0,0,0,0,0,0,0,0,0,0,832,833,653,617
609900,CURTIS,Network 13,District,Traditional,ROSELAND,376,0,24,33,38,55,39,42,38,40,33,34,0,0,0,0
610239,DALEY,Network 8,District,Traditional,NEW CITY,488,0,38,36,57,49,54,61,44,62,43,44,0,0,0,0
609875,DARWIN,Network 4,District,Traditional,LOGAN SQUARE,504,21,45,58,46,48,51,47,47,53,37,51,0,0,0,0
610521,DAVIS M,ISP,District,Traditional,WEST ENGLEWOOD,133,0,9,14,11,12,12,19,12,9,17,18,0,0,0,0
609876,DAVIS N,Network 8,District,Traditional,BRIGHTON PARK,515,24,36,50,42,53,47,41,56,47,50,69,0,0,0,0
609879,DAWES,Network 10,District,Traditional,ASHBURN,985,33,63,86,85,101,92,97,88,100,120,120,0,0,0,0
610313,DE DIEGO,Network 5,District,Traditional,WEST TOWN,420,19,32,26,37,37,44,37,38,52,38,60,0,0,0,0
609880,DECATUR,Network 2,District,Traditional,WEST RIDGE,323,0,0,28,55,28,27,58,28,30,41,28,0,0,0,0
609883,DENEEN,Network 12,District,Traditional,GREATER GRAND CROSSING,465,11,46,45,39,54,54,34,43,37,61,41,0,0,0,0
610367,DEPRIEST,Network 3,District,Traditional,AUSTIN,465,3,54,45,49,51,41,37,53,33,54,45,0,0,0,0
610252,DETT,Network 6,District,Traditional,NEAR WEST SIDE,247,26,17,22,26,17,25,23,21,29,18,23,0,0,0,0
609884,DEVER,Network 1,District,Traditional,DUNNING,734,26,51,68,67,51,77,87,73,68,72,94,0,0,0,0
610402,DEVRY HS,Network 14,District,Traditional,LINCOLN SQUARE,134,0,0,0,0,0,0,0,0,0,0,0,0,0,56,78
609885,DEWEY,Network 8,District,Traditional,NEW CITY,242,4,30,23,19,26,29,22,29,19,23,18,0,0,0,0
609874,DIRKSEN,Network 1,District,Traditional,OHARE,"1,047",22,104,120,110,101,111,100,92,99,93,95,0,0,0,0
610363,DISNEY,Network 2,District,Traditional,UPTOWN,"1,461",0,57,185,181,179,184,159,147,140,124,105,0,0,0,0
610515,DISNEY II ES,Network 14,District,Traditional,IRVING PARK,434,0,38,56,57,54,56,58,59,56,0,0,0,0,0,0
610564,DISNEY II HS,Network 14,District,Traditional,IRVING PARK,752,0,0,0,0,0,0,0,0,0,85,93,146,147,130,151
609887,DIXON,Network 12,District,Traditional,CHATHAM,464,0,17,32,31,36,44,44,53,50,77,80,0,0,0,0
609891,DOOLITTLE,Network 9,District,Traditional,DOUGLAS,260,6,21,33,25,36,27,28,26,17,18,23,0,0,0,0
609893,DORE,Network 10,District,Traditional,CLEARING,720,2,87,51,70,66,67,64,75,76,85,77,0,0,0,0
610245,DOUGLASS HS,Network 15,District,Traditional,AUSTIN,34,0,0,0,0,0,0,0,0,0,0,0,6,8,7,13
609894,DRAKE,Network 9,District,Traditional,DOUGLAS,243,1,13,15,27,28,23,26,20,35,29,26,0,0,0,0
609896,DRUMMOND,Network 6,District,Traditional,LOGAN SQUARE,305,31,35,24,36,32,29,29,19,27,18,25,0,0,0,0
610364,DUBOIS,Network 13,District,Traditional,RIVERDALE,202,1,17,21,19,21,19,14,19,31,24,16,0,0,0,0
610263,DULLES,Network 9,District,Traditional,GREATER GRAND CROSSING,668,0,54,79,84,66,81,68,63,72,53,48,0,0,0,0
609676,DUNBAR HS,Network 17,District,Traditional,DOUGLAS,459,0,0,0,0,0,0,0,0,0,0,0,138,121,104,96
610188,DUNNE,Network 13,District,Traditional,ROSELAND,206,1,18,19,27,15,22,16,17,21,30,20,0,0,0,0
610352,DURKIN PARK,Network 10,District,Traditional,ASHBURN,664,27,61,60,63,57,53,59,66,71,68,79,0,0,0,0
610254,DVORAK,Network 7,District,Traditional,NORTH LAWNDALE,273,5,15,27,22,36,27,33,26,33,26,23,0,0,0,0
610587,DYETT ARTS HS,Network 17,District,Traditional,WASHINGTON PARK,520,0,0,0,0,0,0,0,0,0,0,0,131,131,123,135
610316,EARHART,Network 12,District,Traditional,CALUMET HEIGHTS,193,0,0,10,22,22,25,21,24,31,19,19,0,0,0,0
609897,EARLE,Network 11,District,Traditional,WEST ENGLEWOOD,251,16,17,20,28,22,22,28,18,33,22,25,0,0,0,0
609898,EBERHART,Network 10,District,Traditional,CHICAGO LAWN,"1,028",0,51,86,95,87,116,95,98,132,130,138,0,0,0,0
609899,EBINGER,Network 1,District,Traditional,EDISON PARK,729,0,0,89,71,86,89,74,82,86,78,74,0,0,0,0
609901,EDGEBROOK,Network 1,District,Traditional,FOREST GLEN,455,0,0,57,42,52,49,53,52,49,47,54,0,0,0,0
609794,EDISON,Network 1,District,Traditional,ALBANY PARK,263,0,0,28,28,28,28,31,31,31,30,28,0,0,0,0
610523,EDISON PARK,Network 1,District,Traditional,NORWOOD PARK,413,0,0,30,41,51,62,45,43,52,52,37,0,0,0,0
609903,EDWARDS,Network 8,District,Traditional,ARCHER HEIGHTS,"1,250",56,104,110,100,129,116,120,138,123,125,129,0,0,0,0
609904,ELLINGTON,Network 3,District,Traditional,AUSTIN,435,30,52,41,42,50,39,39,35,43,30,34,0,0,0,0
610592,ENGLEWOOD STEM HS,Network 16,District,Traditional,ENGLEWOOD,778,0,0,0,0,0,0,0,0,0,0,0,138,176,184,280
609907,ERICSON,Network 5,District,Traditional,EAST GARFIELD PARK,367,5,30,32,33,37,39,32,37,40,37,45,0,0,0,0
609908,ESMOND,Network 10,District,Traditional,MORGAN PARK,247,1,14,27,24,28,18,22,19,31,29,34,0,0,0,0
609909,EVERETT,ISP,District,Traditional,MCKINLEY PARK,118,14,16,16,15,11,15,13,18,0,0,0,0,0,0,0
610319,EVERGREEN,Network 8,District,Traditional,MCKINLEY PARK,201,0,0,0,0,0,0,0,0,51,79,71,0,0,0,0
610362,EVERS,Network 11,District,Traditional,WASHINGTON HEIGHTS,212,0,21,21,19,21,20,24,20,21,20,25,0,0,0,0
610057,FAIRFIELD,Network 10,District,Traditional,CHICAGO LAWN,469,1,19,39,50,41,42,47,56,52,61,61,0,0,0,0
609910,FALCONER,Network 3,District,Traditional,BELMONT CRAGIN,884,1,57,109,105,127,105,129,128,123,0,0,0,0,0,0
610055,FARADAY,Network 5,District,Traditional,EAST GARFIELD PARK,160,3,14,17,16,16,19,22,13,13,13,14,0,0,0,0
609912,FARNSWORTH,Network 1,District,Traditional,JEFFERSON PARK,473,18,26,45,45,39,45,45,55,50,54,51,0,0,0,0
609704,FARRAGUT HS,Network 16,District,Traditional,SOUTH LAWNDALE,445,0,0,0,0,0,0,0,0,0,0,0,81,121,142,101
609705,FENGER HS,Network 17,District,Traditional,ROSELAND,230,0,0,0,0,0,0,0,0,0,0,0,42,75,51,62
609917,FERNWOOD,Network 13,District,Traditional,WASHINGTON HEIGHTS,265,2,17,26,32,25,24,25,24,29,32,29,0,0,0,0
609918,FIELD,Network 2,District,Traditional,ROGERS PARK,150,0,0,0,0,0,0,0,44,36,33,37,0,0,0,0
609967,FINKL,Network 7,District,Traditional,LOWER WEST SIDE,208,0,9,12,17,18,19,22,30,18,27,36,0,0,0,0
609919,FISKE,Network 9,District,Traditional,WOODLAWN,338,1,36,25,38,41,31,35,38,37,25,31,0,0,0,0
609708,FOREMAN HS,Network 14,District,Traditional,PORTAGE PARK,571,0,0,0,0,0,0,0,0,0,0,0,134,198,134,105
609924,FORT DEARBORN,Network 11,District,Traditional,WASHINGTON HEIGHTS,328,22,20,32,41,25,36,29,23,38,34,28,0,0,0,0
609927,FOSTER PARK,Network 11,District,Traditional,AUBURN GRESHAM,294,17,24,27,40,30,36,25,20,34,19,22,0,0,0,0
609926,FRANKLIN,Network 4,District,Traditional,NEAR NORTH SIDE,368,0,0,31,31,31,30,29,62,62,61,31,0,0,0,0
610503,FRAZIER PROSPECTIVE,ISP,District,Traditional,NORTH LAWNDALE,131,0,0,10,14,13,9,13,10,22,21,19,0,0,0,0
609928,FULLER,Network 9,District,Traditional,GRAND BOULEVARD,311,4,21,31,20,18,23,29,43,42,37,43,0,0,0,0
609929,FULTON,Network 8,District,Traditional,NEW CITY,293,18,27,26,24,28,27,25,25,31,35,27,0,0,0,0
609930,FUNSTON,Network 4,District,Traditional,LOGAN SQUARE,414,0,33,45,40,30,38,51,43,47,39,48,0,0,0,0
609709,GAGE PARK HS,Network 16,District,Traditional,GAGE PARK,338,0,0,0,0,0,0,0,0,0,0,0,94,108,79,57
609933,GALE,Network 2,District,Traditional,ROGERS PARK,215,0,11,26,31,25,22,18,21,21,17,23,0,0,0,0
610009,GALILEO,Network 6,District,Traditional,NEAR WEST SIDE,541,0,0,65,59,65,63,58,58,57,61,55,0,0,0,0
609935,GALLISTEL,Network 13,District,Traditional,EAST SIDE,622,0,47,49,54,57,72,71,71,67,66,68,0,0,0,0
610128,GARVEY,Network 13,District,Traditional,WASHINGTON HEIGHTS,235,0,17,29,23,31,20,21,23,32,13,26,0,0,0,0
609937,GARVY,Network 1,District,Traditional,NORWOOD PARK,737,0,0,81,83,87,69,82,71,89,100,75,0,0,0,0
609938,GARY,Network 7,District,Traditional,SOUTH LAWNDALE,755,12,19,0,0,0,111,115,108,132,116,142,0,0,0,0
609939,GILLESPIE,Network 12,District,Traditional,ROSELAND,377,1,20,38,42,44,38,38,39,40,41,36,0,0,0,0
609942,GOETHE,Network 4,District,Traditional,LOGAN SQUARE,707,41,43,64,76,79,77,69,59,71,66,62,0,0,0,0
610558,GOODE HS,Network 16,District,Traditional,ASHBURN,974,0,0,0,0,0,0,0,0,0,0,0,261,255,231,227
609945,GOUDY,Network 2,District,Traditional,UPTOWN,561,2,47,43,60,71,50,52,63,50,63,60,0,0,0,0
609947,GRAHAM ES,Network 6,District,Traditional,NEW CITY,332,1,28,29,32,44,32,23,29,30,42,42,0,0,0,0
609769,GRAHAM HS,Network 14,District,Specialty,NEAR SOUTH SIDE,239,0,0,0,0,0,0,0,0,0,0,0,0,0,0,239
609949,GRAY,Network 1,District,Traditional,PORTAGE PARK,998,1,59,99,91,124,89,92,107,97,120,119,0,0,0,0
609850,GREELEY,Network 4,District,Traditional,LAKE VIEW,315,0,19,27,21,27,28,37,34,36,41,45,0,0,0,0
610032,GREEN,Network 11,District,Traditional,WASHINGTON HEIGHTS,300,4,14,24,29,34,29,25,32,37,36,36,0,0,0,0
609952,GREENE,Network 8,District,Traditional,MCKINLEY PARK,305,15,25,50,39,40,39,49,48,0,0,0,0,0,0,0
609954,GREGORY,Network 5,District,Traditional,EAST GARFIELD PARK,280,3,15,22,27,24,34,28,22,25,42,38,0,0,0,0
609955,GRESHAM,Network 11,District,Traditional,AUBURN GRESHAM,329,4,23,25,30,33,29,34,47,35,37,32,0,0,0,0
609956,GRIMES,Network 10,District,Traditional,CLEARING,387,0,20,41,31,33,47,44,37,36,42,56,0,0,0,0
609944,GRISSOM,Network 13,District,Traditional,HEGEWISCH,296,0,14,36,28,27,37,27,31,37,29,30,0,0,0,0
609958,GUNSAULUS,ISP,District,Traditional,BRIGHTON PARK,658,0,30,49,70,59,74,75,78,78,71,74,0,0,0,0
609959,HAINES,Network 6,District,Traditional,ARMOUR SQUARE,527,0,18,37,55,40,54,65,51,65,62,80,0,0,0,0
609960,HALE,Network 10,District,Traditional,CLEARING,797,0,20,71,72,87,81,82,83,100,86,115,0,0,0,0
609808,HALEY,Network 13,District,Traditional,ROSELAND,439,3,28,41,58,39,46,46,48,38,40,52,0,0,0,0
609963,HAMILTON,Network 4,District,Traditional,LAKE VIEW,443,0,19,35,55,50,48,49,43,52,48,44,0,0,0,0
609964,HAMLINE,Network 8,District,Traditional,NEW CITY,532,22,33,50,52,50,54,54,66,58,48,45,0,0,0,0
609966,HAMMOND,Network 7,District,Traditional,SOUTH LAWNDALE,232,11,7,23,26,15,22,23,25,32,25,23,0,0,0,0
609807,HAMPTON,Network 10,District,Traditional,ASHBURN,474,0,30,40,48,44,41,47,51,55,50,68,0,0,0,0
609694,HANCOCK HS,Network 15,District,Traditional,CLEARING,"1,004",0,0,0,0,0,0,0,0,0,0,0,239,281,246,238
610068,HANSON PARK,Network 3,District,Traditional,BELMONT CRAGIN,"1,149",41,76,94,101,117,86,134,108,114,125,153,0,0,0,0
609710,HARLAN HS,Network 17,District,Traditional,ROSELAND,259,0,0,0,0,0,0,0,0,0,0,0,72,67,68,52
609969,HARTE,Network 9,District,Traditional,HYDE PARK,329,4,42,26,46,26,28,23,31,29,38,36,0,0,0,0
609971,HARVARD,Network 11,District,Traditional,GREATER GRAND CROSSING,349,0,27,31,36,41,28,42,45,28,31,40,0,0,0,0
609972,HAUGAN,ISP,District,Traditional,ALBANY PARK,878,29,76,94,84,91,93,92,99,78,68,74,0,0,0,0
609974,HAWTHORNE,Network 4,District,Traditional,LAKE VIEW,606,0,0,77,64,73,72,62,72,59,64,63,0,0,0,0
609975,HAY,Network 3,District,Traditional,AUSTIN,266,1,15,24,26,28,31,23,28,28,31,31,0,0,0,0
609976,HAYT,Network 2,District,Traditional,EDGEWATER,879,39,68,78,83,77,89,80,92,84,87,102,0,0,0,0
609979,HEALY,Network 6,District,Traditional,BRIDGEPORT,"1,218",0,0,114,110,135,120,143,138,139,162,157,0,0,0,0
609981,HEARST,Network 10,District,Traditional,GARFIELD RIDGE,308,21,34,17,34,17,27,28,26,40,24,40,0,0,0,0
609983,HEDGES,Network 8,District,Traditional,NEW CITY,456,22,35,39,40,46,39,39,52,53,40,51,0,0,0,0
609985,HEFFERAN,Network 5,District,Traditional,WEST GARFIELD PARK,237,0,24,22,18,25,28,22,22,26,23,27,0,0,0,0
609986,HENDERSON,Network 8,District,Traditional,WEST ENGLEWOOD,173,4,13,28,18,18,9,17,15,14,19,18,0,0,0,0
609987,HENDRICKS,Network 9,District,Traditional,FULLER PARK,176,0,20,10,27,22,21,22,15,19,12,8,0,0,0,0
609988,HENRY,Network 1,District,Traditional,IRVING PARK,449,0,34,43,36,54,41,49,38,55,46,53,0,0,0,0
610532,HERNANDEZ,ISP,District,Traditional,GAGE PARK,856,0,0,0,0,0,0,0,0,259,258,339,0,0,0,0
609991,HERZL,Network 7,District,Traditional,NORTH LAWNDALE,417,5,44,37,44,43,50,39,38,35,42,40,0,0,0,0
609994,HIBBARD,Network 1,District,Traditional,ALBANY PARK,903,33,93,93,117,125,111,110,110,111,0,0,0,0,0,0
610295,HIGGINS,Network 13,District,Traditional,WEST PULLMAN,262,9,19,28,24,35,32,26,25,21,23,20,0,0,0,0
609712,HIRSCH HS,Network 17,District,Traditional,GREATER GRAND CROSSING,100,0,0,0,0,0,0,0,0,0,0,0,27,38,18,17
609995,HITCH,Network 1,District,Traditional,NORWOOD PARK,494,0,19,52,40,42,50,49,58,76,55,53,0,0,0,0
609996,HOLDEN,ISP,District,Traditional,BRIDGEPORT,393,0,30,48,30,43,34,32,41,38,54,43,0,0,0,0
609997,HOLMES,Network 8,District,Traditional,ENGLEWOOD,118,0,9,14,13,10,15,10,9,13,15,10,0,0,0,0
610000,HOWE,Network 3,District,Traditional,AUSTIN,380,1,33,44,42,40,30,43,25,38,40,44,0,0,0,0
610002,HOYNE,Network 12,District,Traditional,CALUMET HEIGHTS,227,0,19,24,20,22,15,29,19,23,28,28,0,0,0,0
609741,HUBBARD HS,Network 16,District,Traditional,WEST LAWN,"1,726",0,0,0,0,0,0,0,0,0,0,0,420,494,445,367
610005,HUGHES C,Network 7,District,Traditional,NORTH LAWNDALE,186,11,12,17,20,14,19,17,15,17,18,26,0,0,0,0
610368,HUGHES L,Network 13,District,Traditional,ROSELAND,463,57,55,27,50,41,36,35,35,41,42,44,0,0,0,0
610006,HURLEY,Network 10,District,Traditional,WEST LAWN,711,23,29,71,65,73,68,79,69,75,64,95,0,0,0,0
609713,HYDE PARK HS,Network 17,District,Traditional,WOODLAWN,727,0,0,0,0,0,0,0,0,0,0,0,247,156,173,151
610384,INFINITY HS,ISP,District,Traditional,SOUTH LAWNDALE,406,0,0,0,0,0,0,0,0,0,0,0,103,112,101,90
610078,INTER-AMERICAN,Network 4,District,Traditional,LAKE VIEW,673,0,58,60,67,84,77,74,66,76,58,53,0,0,0,0
610121,IRVING,Network 6,District,Traditional,NEAR WEST SIDE,290,16,22,30,29,19,26,24,27,25,43,29,0,0,0,0
610369,JACKSON M,Network 11,District,Traditional,AUBURN GRESHAM,340,1,17,37,36,33,46,29,33,33,36,39,0,0,0,0
610010,JAHN,Network 4,District,Traditional,NORTH CENTER,295,25,55,33,33,26,20,25,13,17,22,26,0,0,0,0
610011,JAMIESON,Network 2,District,Traditional,WEST RIDGE,786,2,21,79,78,83,90,98,84,79,80,92,0,0,0,0
609783,JEFFERSON HS,Network 16,District,Options,NEAR WEST SIDE,152,0,0,0,0,0,0,0,0,1,2,2,57,40,30,20
610271,JENSEN,Network 5,District,Traditional,EAST GARFIELD PARK,250,0,14,24,17,23,32,20,23,36,31,30,0,0,0,0
610274,JOHNSON,Network 5,District,Traditional,NORTH LAWNDALE,220,0,13,17,19,21,27,23,27,19,28,26,0,0,0,0
609678,JONES HS,ISP,District,Traditional,LOOP,"1,936",0,0,0,0,0,0,0,0,0,0,0,461,487,490,498
609805,JOPLIN,Network 11,District,Traditional,AUBURN GRESHAM,330,0,30,43,32,39,34,33,23,30,31,35,0,0,0,0
609865,JORDAN,Network 2,District,Traditional,ROGERS PARK,499,28,34,50,52,54,51,59,51,31,38,51,0,0,0,0
609764,JUAREZ HS,Network 15,District,Traditional,LOWER WEST SIDE,"1,598",0,0,0,0,0,0,0,0,0,0,0,358,478,353,409
609762,JULIAN HS,Network 16,District,Traditional,WASHINGTON HEIGHTS,422,0,0,0,0,0,0,0,0,0,0,0,136,111,100,75
610015,JUNGMAN,ISP,District,Traditional,LOWER WEST SIDE,287,30,19,23,31,29,23,14,35,30,23,30,0,0,0,0
609920,KANOON,Network 7,District,Traditional,SOUTH LAWNDALE,408,0,27,27,34,33,47,38,39,43,52,68,0,0,0,0
610084,KELLER,Network 10,District,Traditional,MOUNT GREENWOOD,214,0,0,0,22,28,28,30,30,30,20,26,0,0,0,0
609925,KELLMAN,Network 5,District,Traditional,EAST GARFIELD PARK,208,3,22,15,21,21,22,19,20,20,21,24,0,0,0,0
610016,KELLOGG,Network 10,District,Traditional,BEVERLY,282,0,0,27,35,27,31,37,32,30,28,35,0,0,0,0
609715,KELLY HS,Network 16,District,Traditional,BRIGHTON PARK,"1,746",0,0,0,0,0,0,0,0,0,0,0,532,491,426,297
609716,KELVYN PARK HS,Network 14,District,Traditional,HERMOSA,479,0,0,0,0,0,0,0,0,0,33,66,108,109,77,86
609718,KENNEDY HS,Network 16,District,Traditional,GARFIELD RIDGE,"1,642",0,0,0,0,0,0,0,0,0,0,0,510,434,340,358
609746,KENWOOD HS,Network 17,District,Traditional,KENWOOD,"2,324",0,0,0,0,0,0,0,0,0,141,146,444,535,537,521
610019,KERSHAW,Network 11,District,Traditional,ENGLEWOOD,213,1,12,19,18,24,28,19,28,19,23,22,0,0,0,0
610022,KILMER,Network 2,District,Traditional,ROGERS PARK,743,21,39,63,79,75,79,58,93,81,75,80,0,0,0,0
610299,KING ES,Network 11,District,Traditional,ENGLEWOOD,235,0,12,18,26,26,32,32,22,24,25,18,0,0,0,0
609751,KING HS,Network 17,District,Traditional,KENWOOD,589,0,0,0,0,0,0,0,0,0,0,0,130,246,105,108
610026,KINZIE,ISP,District,Traditional,GARFIELD RIDGE,665,14,28,65,58,63,68,74,74,64,77,80,0,0,0,0
610027,KIPLING,ISP,District,Traditional,WASHINGTON HEIGHTS,229,0,19,25,22,26,21,17,27,24,17,31,0,0,0,0
610030,KOZMINSKI,Network 9,District,Traditional,HYDE PARK,255,19,19,24,24,25,26,15,27,27,27,22,0,0,0,0
609719,LAKE VIEW HS,Network 14,District,Traditional,LAKE VIEW,"1,360",0,0,0,0,0,0,0,0,0,0,0,345,423,351,241
609720,LANE TECH HS,Network 14,District,Traditional,NORTH CENTER,"4,488",0,0,0,0,0,0,0,0,0,154,126,"1,149","1,119",870,"1,070"
609869,LANGFORD,Network 11,District,Traditional,WEST ENGLEWOOD,181,0,8,21,22,16,21,9,20,22,22,20,0,0,0,0
609993,LARA,ISP,District,Traditional,NEW CITY,312,1,21,30,29,36,39,26,30,30,34,36,0,0,0,0
610033,LASALLE,Network 4,District,Traditional,LINCOLN PARK,489,0,0,56,51,56,54,59,62,60,49,42,0,0,0,0
610520,LASALLE II,ISP,District,Traditional,WEST TOWN,580,38,40,53,55,55,56,56,61,58,53,55,0,0,0,0
610208,LAVIZZO,Network 13,District,Traditional,ROSELAND,341,3,30,33,37,33,36,31,35,35,34,34,0,0,0,0
610034,LAWNDALE,Network 5,District,Traditional,NORTH LAWNDALE,217,5,17,28,15,22,28,16,20,21,21,24,0,0,0,0
610291,LEE,ISP,District,Traditional,WEST LAWN,629,0,0,56,64,74,68,71,66,82,72,76,0,0,0,0
610305,LELAND,Network 3,District,Traditional,AUSTIN,374,8,37,42,38,37,35,32,34,34,38,39,0,0,0,0
610298,LENART,ISP,District,Traditional,CHATHAM,290,2,38,28,29,29,28,32,31,31,26,16,0,0,0,0
610036,LEWIS,Network 3,District,Traditional,AUSTIN,360,0,21,29,32,28,45,26,53,43,45,38,0,0,0,0
610037,LIBBY,Network 8,District,Traditional,NEW CITY,255,0,12,23,21,23,29,20,33,38,28,28,0,0,0,0
610038,LINCOLN,Network 4,District,Traditional,LINCOLN PARK,802,0,0,83,89,74,93,89,98,96,88,92,0,0,0,0
610595,LINCOLN PARK ELC,Network 4,District,Early Childhood,LINCOLN PARK,31,0,31,0,0,0,0,0,0,0,0,0,0,0,0,0
609738,LINCOLN PARK HS,Network 14,District,Traditional,LINCOLN PARK,"2,069",0,0,0,0,0,0,0,0,0,0,0,567,568,454,480
610391,LINDBLOM HS,Network 16,District,Traditional,WEST ENGLEWOOD,"1,401",0,0,0,0,0,0,0,0,0,123,151,250,257,321,299
609834,LITTLE VILLAGE,ISP,District,Traditional,SOUTH LAWNDALE,602,1,25,54,48,48,67,68,63,67,73,88,0,0,0,0
610040,LLOYD,Network 3,District,Traditional,BELMONT CRAGIN,827,57,81,101,116,97,121,125,129,0,0,0,0,0,0,0
610041,LOCKE J,Network 3,District,Traditional,MONTCLARE,"1,141",48,59,94,117,110,107,104,116,125,130,131,0,0,0,0
610541,LORCA,Network 4,District,Traditional,AVONDALE,625,0,32,69,62,49,71,61,62,74,66,79,0,0,0,0
610043,LOVETT,Network 3,District,Traditional,AUSTIN,298,3,22,26,27,30,30,26,28,42,30,34,0,0,0,0
610044,LOWELL,Network 5,District,Traditional,HUMBOLDT PARK,312,16,29,21,32,30,36,24,31,27,31,35,0,0,0,0
610029,LOZANO,Network 6,District,Traditional,WEST TOWN,158,10,22,14,12,13,13,16,8,22,10,18,0,0,0,0
610046,LYON,Network 3,District,Traditional,BELMONT CRAGIN,"1,043",0,37,78,88,114,111,108,111,130,124,142,0,0,0,0
610215,MADERO,Network 7,District,Traditional,SOUTH LAWNDALE,252,0,0,0,0,0,0,0,0,88,81,83,0,0,0,0
610047,MADISON,Network 12,District,Traditional,SOUTH SHORE,172,0,16,20,12,19,18,14,21,29,15,8,0,0,0,0
610048,MANIERRE,Network 4,District,Traditional,NEAR NORTH SIDE,252,0,19,30,32,33,29,30,15,26,20,18,0,0,0,0
609722,MANLEY HS,Network 15,District,Traditional,EAST GARFIELD PARK,70,0,0,0,0,0,0,0,0,0,0,0,21,13,20,16
610052,MANN,Network 12,District,Traditional,SOUTH CHICAGO,318,0,23,36,29,29,27,30,36,44,27,37,0,0,0,0
609780,MARINE LEADERSHIP AT AMES HS,Network 14,District,Traditional,LOGAN SQUARE,698,0,0,0,0,0,0,0,0,0,62,86,129,158,143,120
610053,MARQUETTE,Network 10,District,Traditional,CHICAGO LAWN,"1,004",32,58,99,96,113,95,89,94,112,103,113,0,0,0,0
610054,MARSH,ISP,District,Traditional,SOUTH DEERING,643,23,37,64,60,70,76,54,60,53,60,86,0,0,0,0
609723,MARSHALL HS,Network 15,District,Traditional,EAST GARFIELD PARK,186,0,0,0,0,0,0,0,0,0,0,0,42,56,43,45
610056,MASON,Network 7,District,Traditional,NORTH LAWNDALE,216,12,17,14,26,13,19,23,19,24,24,25,0,0,0,0
609724,MATHER HS,Network 14,District,Traditional,WEST RIDGE,"1,640",0,0,0,0,0,0,0,0,0,0,0,420,451,392,377
610059,MAYER,Network 4,District,Traditional,LINCOLN PARK,673,0,74,77,82,70,80,64,58,50,62,56,0,0,0,0
610290,MAYS,Network 11,District,Traditional,ENGLEWOOD,236,2,11,23,23,34,29,21,21,26,20,26,0,0,0,0
609968,MCAULIFFE,Network 4,District,Traditional,HERMOSA,571,22,41,54,45,60,46,63,56,65,64,55,0,0,0,0
610062,MCCLELLAN,Network 6,District,Traditional,BRIDGEPORT,296,0,20,25,28,25,37,31,31,43,32,24,0,0,0,0
610063,MCCORMICK,Network 7,District,Traditional,SOUTH LAWNDALE,443,26,42,56,62,69,63,50,75,0,0,0,0,0,0,0
610269,MCCUTCHEON,Network 2,District,Traditional,UPTOWN,305,34,26,22,29,31,27,26,21,31,34,24,0,0,0,0
610066,MCDADE,Network 12,District,Traditional,CHATHAM,210,0,0,21,28,28,27,29,30,26,14,7,0,0,0,0
610312,MCDOWELL,ISP,District,Traditional,CALUMET HEIGHTS,116,0,16,11,16,18,27,15,13,0,0,0,0,0,0,0
610067,MCKAY,Network 10,District,Traditional,CHICAGO LAWN,624,23,54,57,46,79,70,44,57,67,63,64,0,0,0,0
610282,MCNAIR,Network 3,District,Traditional,AUSTIN,345,4,21,23,37,30,37,26,41,30,50,46,0,0,0,0
610070,MCPHERSON,Network 2,District,Traditional,LINCOLN SQUARE,664,37,76,77,59,82,43,49,51,60,64,66,0,0,0,0
610293,MELODY,Network 5,District,Traditional,WEST GARFIELD PARK,273,1,23,28,28,22,36,30,27,32,26,20,0,0,0,0
609902,METCALFE,Network 13,District,Traditional,WEST PULLMAN,341,0,34,31,30,39,31,42,25,34,37,38,0,0,0,0
610171,MIRELES,Network 12,District,Traditional,SOUTH CHICAGO,469,1,32,50,47,56,47,48,54,48,39,47,0,0,0,0
610073,MITCHELL,ISP,District,Traditional,WEST TOWN,381,0,20,43,47,49,41,28,27,48,29,49,0,0,0,0
610276,MOLLISON,Network 9,District,Traditional,GRAND BOULEVARD,267,3,16,19,25,28,31,17,27,29,39,33,0,0,0,0
610074,MONROE,Network 4,District,Traditional,LOGAN SQUARE,654,34,43,64,53,72,55,76,44,57,73,83,0,0,0,0
610076,MOOS,Network 5,District,Traditional,WEST TOWN,433,0,49,44,47,43,48,38,32,45,47,40,0,0,0,0
609725,MORGAN PARK HS,Network 16,District,Traditional,MORGAN PARK,"1,108",0,0,0,0,0,0,0,0,0,8,16,272,350,260,202
610077,MORRILL,Network 10,District,Traditional,CHICAGO LAWN,515,3,27,43,50,49,62,52,50,57,64,58,0,0,0,0
610257,MORTON,Network 5,District,Traditional,HUMBOLDT PARK,181,0,16,20,18,21,13,15,19,23,21,15,0,0,0,0
610082,MOUNT GREENWOOD,ISP,District,Traditional,MOUNT GREENWOOD,"1,154",0,38,108,119,127,125,108,130,135,116,148,0,0,0,0
610086,MOUNT VERNON,Network 13,District,Traditional,WASHINGTON HEIGHTS,232,0,18,19,35,15,25,22,26,31,23,18,0,0,0,0
610088,MOZART,Network 4,District,Traditional,LOGAN SQUARE,481,0,39,46,54,44,42,52,37,49,59,59,0,0,0,0
610385,MULTICULTURAL ARTS HIGH SCHOOL,Network 15,District,Traditional,SOUTH LAWNDALE,252,0,0,0,0,0,0,0,0,0,0,0,58,80,49,65
610089,MURPHY,Network 1,District,Traditional,IRVING PARK,495,31,36,59,43,55,48,39,47,51,35,51,0,0,0,0
610090,MURRAY,Network 9,District,Traditional,HYDE PARK,450,0,0,52,55,48,53,54,48,52,45,43,0,0,0,0
610092,NASH,Network 3,District,Traditional,AUSTIN,230,4,22,36,32,25,22,22,18,17,18,14,0,0,0,0
610231,NATIONAL TEACHERS,AUSL,District,Traditional,NEAR SOUTH SIDE,754,0,47,87,72,70,77,80,91,84,71,75,0,0,0,0
610093,NEIL,Network 12,District,Traditional,CHATHAM,253,0,14,31,19,24,27,31,25,29,28,25,0,0,0,0
610094,NETTELHORST,Network 4,District,Traditional,LAKE VIEW,616,1,57,79,67,68,55,58,51,65,53,62,0,0,0,0
610284,NEW FIELD,Network 2,District,Traditional,ROGERS PARK,515,5,80,91,102,94,80,63,0,0,0,0,0,0,0,0
610193,NEW SULLIVAN,Network 12,District,Traditional,SOUTH CHICAGO,390,28,25,35,37,33,48,29,40,30,43,42,0,0,0,0
610095,NEWBERRY,Network 4,District,Traditional,LINCOLN PARK,366,2,16,34,43,43,36,35,34,44,38,41,0,0,0,0
609793,NICHOLSON,Network 11,District,Traditional,ENGLEWOOD,438,6,30,42,40,47,40,52,51,40,47,43,0,0,0,0
610096,NIGHTINGALE,Network 8,District,Traditional,GAGE PARK,971,27,66,68,93,84,84,103,101,99,114,132,0,0,0,0
609961,NINOS HEROES,Network 12,District,Traditional,SOUTH CHICAGO,300,2,25,32,30,29,29,29,28,31,32,33,0,0,0,0
610097,NIXON,Network 4,District,Traditional,HERMOSA,588,0,38,85,77,78,73,75,79,83,0,0,0,0,0,0
610098,NOBEL,ISP,District,Traditional,HUMBOLDT PARK,571,0,44,47,51,56,53,58,58,65,75,64,0,0,0,0
610354,NORTH RIVER,Network 1,District,Traditional,ALBANY PARK,212,14,20,20,15,20,14,23,21,22,18,25,0,0,0,0
609691,NORTH-GRAND HS,Network 15,District,Traditional,HUMBOLDT PARK,"1,059",0,0,0,0,0,0,0,0,0,0,0,240,322,256,241
609744,NORTHSIDE LEARNING HS,Network 14,District,Specialty,NORTH PARK,271,0,0,0,0,0,0,0,0,0,0,0,33,36,37,165
609749,NORTHSIDE PREP HS,Network 14,District,Traditional,NORTH PARK,"1,042",0,0,0,0,0,0,0,0,0,0,0,278,243,253,268
610051,NORTHWEST,Network 3,District,Traditional,BELMONT CRAGIN,479,0,0,0,0,0,0,0,0,153,160,166,0,0,0,0
610599,Northwest ECC,Network 1,District,Early Childhood,PORTAGE PARK,70,0,70,0,0,0,0,0,0,0,0,0,0,0,0,0
610099,NORWOOD PARK,Network 1,District,Traditional,NORWOOD PARK,339,0,20,21,31,27,34,43,32,45,39,47,0,0,0,0
610101,OGDEN ES,Network 15,District,Traditional,NEAR NORTH SIDE,866,3,43,108,100,98,94,91,86,69,86,88,0,0,0,0
610529,OGDEN HS,Network 15,District,Traditional,WEST TOWN,494,0,0,0,0,0,0,0,0,0,0,0,110,114,136,134
610102,OGLESBY,Network 11,District,Traditional,AUBURN GRESHAM,268,0,16,28,26,27,32,25,25,41,17,31,0,0,0,0
610103,OKEEFFE,Network 12,District,Traditional,SOUTH SHORE,485,0,27,52,47,48,55,58,45,55,55,43,0,0,0,0
610104,ONAHAN,Network 1,District,Traditional,NORWOOD PARK,656,0,19,66,79,76,66,64,73,70,75,68,0,0,0,0
610105,ORIOLE PARK,Network 1,District,Traditional,NORWOOD PARK,597,0,40,59,53,38,65,68,56,79,63,76,0,0,0,0
610329,OROZCO,Network 7,District,Traditional,LOWER WEST SIDE,281,23,13,29,22,27,23,25,31,30,29,29,0,0,0,0
610389,ORR HS,Network 15,District,Traditional,HUMBOLDT PARK,228,0,0,0,0,0,0,0,0,0,0,0,63,70,43,52
609950,ORTIZ DE DOMINGUEZ,Network 7,District,Traditional,SOUTH LAWNDALE,392,39,71,83,98,101,0,0,0,0,0,0,0,0,0,0
610107,OTIS,Network 6,District,Traditional,WEST TOWN,318,28,26,24,37,21,35,25,28,28,41,25,0,0,0,0
610108,OTOOLE,Network 11,District,Traditional,WEST ENGLEWOOD,323,3,21,32,26,33,32,26,42,34,36,38,0,0,0,0
610109,OWEN,Network 10,District,Traditional,ASHBURN,274,2,18,25,27,29,31,30,29,31,27,25,0,0,0,0
609943,OWENS,Network 13,District,Traditional,WEST PULLMAN,340,0,25,35,43,34,40,26,36,34,31,36,0,0,0,0
610111,PALMER,ISP,District,Traditional,ALBANY PARK,731,0,59,76,78,68,78,83,64,69,75,81,0,0,0,0
610115,PARK MANOR,Network 12,District,Traditional,GREATER GRAND CROSSING,263,6,14,28,34,21,27,25,29,28,21,30,0,0,0,0
610112,PARKER,Network 11,District,Traditional,ENGLEWOOD,348,8,31,35,32,35,39,35,37,38,29,29,0,0,0,0
610116,PARKSIDE,Network 12,District,Traditional,SOUTH SHORE,234,3,16,29,26,27,24,23,23,21,20,22,0,0,0,0
610117,PASTEUR,Network 8,District,Traditional,WEST ELSDON,580,8,85,108,108,103,76,92,0,0,0,0,0,0,0,0
609680,PAYTON HS,Network 15,District,Traditional,NEAR NORTH SIDE,"1,230",0,0,0,0,0,0,0,0,0,0,0,336,319,293,282
610386,PEACE AND EDUCATION HS,ISP,District,Options,NEW CITY,131,0,0,0,0,0,0,0,0,0,0,0,0,47,36,48
610120,PECK,ISP,District,Traditional,WEST ELSDON,799,77,124,102,118,138,124,116,0,0,0,0,0,0,0,0
610122,PEIRCE,ISP,District,Traditional,EDGEWATER,"1,062",29,103,104,109,107,109,91,102,102,106,100,0,0,0,0
610123,PENN,Network 7,District,Traditional,NORTH LAWNDALE,223,14,30,17,15,20,18,16,22,26,24,21,0,0,0,0
609872,PEREZ,Network 7,District,Traditional,LOWER WEST SIDE,258,2,16,24,23,28,27,35,22,23,25,33,0,0,0,0
610126,PERSHING,Network 9,District,Traditional,DOUGLAS,438,23,34,37,29,37,36,44,41,50,57,50,0,0,0,0
610127,PETERSON,Network 1,District,Traditional,NORTH PARK,840,14,19,82,74,92,98,97,91,86,83,104,0,0,0,0
609727,PHILLIPS HS,Network 17,District,Traditional,DOUGLAS,457,0,0,0,0,0,0,0,0,0,0,0,114,117,118,108
610304,PHOENIX MILITARY HS,ISP,District,Traditional,NEAR WEST SIDE,462,0,0,0,0,0,0,0,0,0,0,0,89,123,118,132
610106,PICCOLO,Network 5,District,Traditional,HUMBOLDT PARK,568,23,48,53,50,43,63,46,59,65,55,63,0,0,0,0
610129,PICKARD,Network 7,District,Traditional,LOWER WEST SIDE,288,0,12,23,24,25,30,34,25,37,36,42,0,0,0,0
610013,PILSEN,Network 7,District,Traditional,LOWER WEST SIDE,216,0,13,16,21,17,22,22,23,29,26,27,0,0,0,0
610130,PIRIE,Network 12,District,Traditional,CHATHAM,202,1,17,35,32,24,24,24,21,24,0,0,0,0,0,0
610131,PLAMONDON,ISP,District,Traditional,NORTH LAWNDALE,103,0,0,9,10,12,9,14,9,16,12,12,0,0,0,0
610132,POE,Network 13,District,Traditional,PULLMAN,228,0,0,27,30,30,30,31,31,31,10,8,0,0,0,0
610135,PORTAGE PARK,Network 1,District,Traditional,PORTAGE PARK,823,26,28,81,103,88,93,79,89,92,75,69,0,0,0,0
610281,POWELL,Network 12,District,Traditional,SOUTH SHORE,534,2,28,58,34,81,50,56,61,59,50,55,0,0,0,0
610136,PRESCOTT,Network 4,District,Traditional,LINCOLN PARK,396,0,0,56,50,41,39,43,44,37,44,42,0,0,0,0
610533,PRIETO,Network 3,District,Traditional,BELMONT CRAGIN,739,0,38,52,64,64,81,88,74,81,98,99,0,0,0,0
610229,PRITZKER,Network 6,District,Traditional,WEST TOWN,647,0,20,57,68,67,83,66,76,69,66,75,0,0,0,0
609679,PROSSER HS,Network 15,District,Traditional,BELMONT CRAGIN,"1,166",0,0,0,0,0,0,0,0,0,0,0,339,289,290,248
610137,PRUSSING,Network 1,District,Traditional,PORTAGE PARK,614,0,0,65,78,57,71,69,76,65,60,73,0,0,0,0
610138,PULASKI,Network 6,District,Traditional,LOGAN SQUARE,817,1,39,82,83,96,88,88,93,89,87,71,0,0,0,0
610139,PULLMAN,Network 13,District,Traditional,PULLMAN,301,2,17,22,27,38,34,28,40,36,26,31,0,0,0,0
610334,RABY HS,Network 15,District,Traditional,EAST GARFIELD PARK,176,0,0,0,0,0,0,0,0,0,0,0,50,40,34,52
609941,RANDOLPH,Network 11,District,Traditional,WEST ENGLEWOOD,339,14,24,26,38,28,36,25,32,42,42,32,0,0,0,0
610141,RAVENSWOOD,Network 2,District,Traditional,LAKE VIEW,532,0,42,50,43,58,52,65,59,61,41,61,0,0,0,0
610142,RAY,Network 9,District,Traditional,HYDE PARK,496,2,56,31,29,41,53,54,57,69,56,48,0,0,0,0
610143,REAVIS,Network 9,District,Traditional,KENWOOD,291,26,45,28,31,22,23,22,23,28,20,23,0,0,0,0
610144,REILLY,Network 4,District,Traditional,AVONDALE,559,0,37,32,53,56,53,61,63,70,52,82,0,0,0,0
610145,REINBERG,Network 1,District,Traditional,PORTAGE PARK,718,65,71,70,53,65,75,57,62,70,57,73,0,0,0,0
610146,REVERE,Network 12,District,Traditional,GREATER GRAND CROSSING,214,1,8,26,18,27,19,20,24,29,20,22,0,0,0,0
609682,RICHARDS HS,Network 16,District,Traditional,NEW CITY,279,0,0,0,0,0,0,0,0,0,0,0,77,83,65,54
610588,RICHARDSON,Network 10,District,Traditional,WEST LAWN,924,0,0,0,0,0,0,0,217,222,204,281,0,0,0,0
610390,RICKOVER MILITARY HS,ISP,District,Traditional,PORTAGE PARK,459,0,0,0,0,0,0,0,0,0,0,0,128,105,131,95
610256,ROBINSON,Network 9,District,Traditional,OAKLAND,112,2,23,21,14,29,23,0,0,0,0,0,0,0,0,0
610147,ROGERS,ISP,District,Traditional,WEST RIDGE,690,33,56,63,57,72,70,57,75,64,70,73,0,0,0,0
609728,ROOSEVELT HS,Network 14,District,Traditional,ALBANY PARK,"1,068",0,0,0,0,0,0,0,0,0,0,0,266,288,269,245
610308,RUDOLPH,Network 6,District,Specialty,NEAR WEST SIDE,101,8,18,10,8,10,5,10,6,7,12,7,0,0,0,0
610152,RUGGLES,Network 12,District,Traditional,GREATER GRAND CROSSING,319,0,22,31,29,32,39,42,32,34,31,27,0,0,0,0
610125,RUIZ,Network 7,District,Traditional,LOWER WEST SIDE,434,16,20,31,45,38,39,45,44,52,45,59,0,0,0,0
610153,RYDER,Network 11,District,Traditional,AUBURN GRESHAM,350,12,30,46,38,37,30,37,31,29,29,31,0,0,0,0
610342,SABIN,Network 6,District,Traditional,WEST TOWN,320,2,27,40,30,30,30,15,31,41,36,38,0,0,0,0
610586,SADLOWSKI,Network 13,District,Traditional,EAST SIDE,622,29,33,64,69,65,66,60,54,75,53,54,0,0,0,0
610250,SALAZAR,ISP,District,Traditional,NEAR NORTH SIDE,272,6,14,24,34,22,31,28,29,33,20,31,0,0,0,0
610226,SANDOVAL,ISP,District,Traditional,GAGE PARK,744,0,49,100,122,135,121,92,125,0,0,0,0,0,0,0
610017,SAUCEDO,Network 7,District,Traditional,SOUTH LAWNDALE,874,38,59,71,98,76,85,86,92,99,85,85,0,0,0,0
610155,SAUGANASH,Network 1,District,Traditional,FOREST GLEN,601,0,0,74,71,71,83,65,75,58,55,49,0,0,0,0
610157,SAWYER,Network 8,District,Traditional,GAGE PARK,"1,016",0,35,86,93,93,104,102,104,117,123,159,0,0,0,0
610158,SAYRE,Network 3,District,Traditional,AUSTIN,430,1,43,48,32,54,49,39,49,45,41,29,0,0,0,0
610159,SCAMMON,Network 1,District,Traditional,IRVING PARK,637,0,47,61,70,51,66,58,75,64,74,71,0,0,0,0
610178,SCHMID,Network 12,District,Traditional,PULLMAN,172,23,19,15,16,8,14,20,10,22,12,13,0,0,0,0
610165,SCHUBERT,Network 3,District,Traditional,BELMONT CRAGIN,542,2,48,85,80,84,94,76,73,0,0,0,0,0,0,0
609729,SCHURZ HS,Network 14,District,Traditional,IRVING PARK,"1,287",0,0,0,0,0,0,0,0,0,0,0,311,371,310,295
609730,SENN HS,Network 14,District,Traditional,EDGEWATER,"1,528",0,0,0,0,0,0,0,0,0,0,0,384,398,362,384
610167,SEWARD,Network 8,District,Traditional,NEW CITY,452,0,23,39,37,43,39,37,61,57,57,59,0,0,0,0
610081,SHERIDAN,ISP,District,Traditional,BRIDGEPORT,532,0,0,60,60,61,62,58,63,64,51,53,0,0,0,0
610172,SHERMAN,Network 8,District,Traditional,NEW CITY,232,0,15,27,23,25,23,20,27,32,18,22,0,0,0,0
610173,SHERWOOD,ISP,District,Traditional,ENGLEWOOD,205,20,24,14,13,11,19,23,23,17,17,24,0,0,0,0
610174,SHIELDS,Network 8,District,Traditional,BRIGHTON PARK,446,19,49,67,63,84,89,75,0,0,0,0,0,0,0,0
610559,SHIELDS MIDDLE,ISP,District,Traditional,BRIGHTON PARK,439,0,0,0,0,0,0,0,78,102,121,138,0,0,0,0
610175,SHOESMITH,Network 9,District,Traditional,KENWOOD,314,0,0,32,44,39,47,44,59,49,0,0,0,0,0,0
610176,SHOOP,Network 13,District,Traditional,MORGAN PARK,385,2,26,35,30,41,48,38,38,42,37,48,0,0,0,0
609692,SIMEON HS,Network 17,District,Traditional,CHATHAM,"1,157",0,0,0,0,0,0,0,0,0,0,0,271,309,299,278
609750,SIMPSON HS,Network 15,District,Options,NEAR WEST SIDE,22,0,0,0,0,0,0,0,0,0,0,0,4,7,5,6
610177,SKINNER,Network 6,District,Traditional,NEAR WEST SIDE,984,0,33,109,128,108,102,137,102,94,88,83,0,0,0,0
610534,SKINNER NORTH,Network 4,District,Traditional,NEAR NORTH SIDE,492,0,0,56,55,57,57,60,60,59,44,44,0,0,0,0
609978,SMITH,Network 13,District,Traditional,PULLMAN,311,4,33,33,28,35,32,29,29,26,32,30,0,0,0,0
610179,SMYSER,Network 1,District,Traditional,PORTAGE PARK,746,1,36,72,63,84,58,82,67,101,81,101,0,0,0,0
610180,SMYTH,Network 6,District,Traditional,NEAR WEST SIDE,384,1,29,44,34,34,45,51,38,36,41,31,0,0,0,0
610383,SOCIAL JUSTICE HS,Network 15,District,Traditional,SOUTH LAWNDALE,287,0,0,0,0,0,0,0,0,0,0,0,78,61,71,77
610182,SOLOMON,Network 1,District,Traditional,NORTH PARK,343,19,37,32,31,31,29,32,34,36,29,33,0,0,0,0
610543,SOLORIO HS,AUSL,District,Traditional,GAGE PARK,"1,226",0,0,0,0,0,0,0,0,0,0,0,308,345,271,302
610589,SOR JUANA,Network 8,District,Traditional,WEST ELSDON,395,0,44,34,44,56,49,53,57,58,0,0,0,0,0,0
609990,SOUTH LOOP,ISP,District,Traditional,NEAR SOUTH SIDE,795,9,61,75,87,71,95,71,98,68,75,85,0,0,0,0
610530,SOUTH SHORE ES,Network 12,District,Traditional,SOUTH SHORE,253,12,25,32,17,29,22,25,30,13,24,24,0,0,0,0
610547,SOUTH SHORE INTL HS,Network 17,District,Traditional,SOUTH SHORE,512,0,0,0,0,0,0,0,0,0,0,0,139,175,108,90
609745,SOUTHSIDE HS,ISP,District,Specialty,WEST ENGLEWOOD,361,0,0,0,0,0,0,0,0,0,0,0,0,0,0,361
610183,SPENCER,Network 3,District,Traditional,AUSTIN,384,2,29,35,34,39,50,40,40,47,36,32,0,0,0,0
610184,SPRY ES,Network 7,District,Traditional,SOUTH LAWNDALE,292,9,10,24,27,32,29,22,27,47,24,41,0,0,0,0
610357,SPRY HS,Network 16,District,Traditional,SOUTH LAWNDALE,73,0,0,0,0,0,0,0,0,0,0,0,18,19,18,18
610339,STAGG,Network 11,District,Traditional,ENGLEWOOD,386,30,29,38,19,37,35,43,40,37,34,44,0,0,0,0
609732,STEINMETZ HS,Network 14,District,Traditional,BELMONT CRAGIN,"1,130",0,0,0,0,0,0,0,0,0,0,0,296,358,273,203
610548,STEM,ISP,District,Traditional,NEAR WEST SIDE,400,0,0,53,55,51,58,53,42,38,25,25,0,0,0,0
610185,STEVENSON,Network 10,District,Traditional,ASHBURN,"1,116",31,70,104,105,103,122,96,109,113,122,141,0,0,0,0
610163,STOCK,Network 1,District,Early Childhood,EDISON PARK,236,113,123,0,0,0,0,0,0,0,0,0,0,0,0,0
610191,STONE,Network 2,District,Traditional,WEST RIDGE,555,0,0,55,56,56,54,82,56,84,56,56,0,0,0,0
610192,STOWE,Network 5,District,Traditional,HUMBOLDT PARK,555,20,36,64,56,60,58,52,48,54,47,60,0,0,0,0
610405,SUDER,Network 6,District,Traditional,NEAR WEST SIDE,450,53,54,38,46,46,43,39,33,30,44,24,0,0,0,0
609733,SULLIVAN HS,Network 14,District,Traditional,ROGERS PARK,661,0,0,0,0,0,0,0,0,0,0,0,159,187,151,164
610194,SUMNER,Network 5,District,Traditional,WEST GARFIELD PARK,203,0,13,21,18,27,25,16,18,19,29,17,0,0,0,0
610195,SUTHERLAND,Network 10,District,Traditional,BEVERLY,575,0,0,60,58,73,68,64,67,67,57,61,0,0,0,0
610196,SWIFT,Network 2,District,Traditional,EDGEWATER,543,29,34,45,63,67,51,50,46,51,45,62,0,0,0,0
609734,TAFT HS,Network 14,District,Traditional,NORWOOD PARK,"4,344",0,0,0,0,0,0,0,0,0,82,97,997,"1,071","1,067","1,030"
610197,TALCOTT,Network 6,District,Traditional,WEST TOWN,437,2,23,51,45,47,47,49,51,36,46,40,0,0,0,0
610249,TALMAN,ISP,District,Traditional,GAGE PARK,343,1,34,34,27,37,30,41,35,34,37,33,0,0,0,0
610279,TANNER,Network 12,District,Traditional,GREATER GRAND CROSSING,300,18,20,21,32,31,26,28,29,25,40,30,0,0,0,0
610396,TARKINGTON,AUSL,District,Traditional,CHICAGO LAWN,868,0,11,69,83,91,88,92,103,98,125,108,0,0,0,0
610198,TAYLOR,Network 13,District,Traditional,EAST SIDE,339,0,21,36,32,32,27,31,25,45,38,52,0,0,0,0
609921,TELPOCHCALLI,Network 7,District,Traditional,SOUTH LAWNDALE,219,0,11,14,23,25,19,23,20,32,26,26,0,0,0,0
610504,THOMAS,ISP,District,Early Childhood,MCKINLEY PARK,129,58,71,0,0,0,0,0,0,0,0,0,0,0,0,0
610200,THORP J,Network 12,District,Traditional,SOUTH CHICAGO,275,6,21,33,31,32,33,25,22,22,27,23,0,0,0,0
610201,THORP O,ISP,District,Traditional,DUNNING,785,0,0,78,88,88,83,95,82,101,85,85,0,0,0,0
609735,TILDEN HS,Network 16,District,Traditional,NEW CITY,217,0,0,0,0,0,0,0,0,0,0,0,63,53,59,42
610065,TILL,Network 9,District,Traditional,WOODLAWN,307,19,32,28,34,33,36,24,21,22,36,22,0,0,0,0
610202,TILTON,Network 5,District,Traditional,WEST GARFIELD PARK,232,3,12,18,23,25,22,21,21,27,36,24,0,0,0,0
610203,TONTI,Network 8,District,Traditional,GAGE PARK,802,32,82,124,122,118,115,96,113,0,0,0,0,0,0,0
609773,TUBMAN,Network 4,District,Traditional,LAKE VIEW,295,0,20,20,28,29,34,27,23,42,31,41,0,0,0,0
609895,TURNER-DREW,ISP,District,Traditional,ROSELAND,199,0,0,19,24,26,24,20,28,20,18,20,0,0,0,0
610206,TWAIN,Network 10,District,Traditional,GARFIELD RIDGE,930,10,25,74,100,93,106,94,83,116,103,126,0,0,0,0
610394,UPLIFT HS,Network 14,District,Traditional,UPTOWN,107,0,0,0,0,0,0,0,0,0,0,0,29,25,16,37
610207,VANDERPOEL,Network 10,District,Traditional,BEVERLY,243,0,0,27,26,28,23,28,28,25,28,30,0,0,0,0
609766,VAUGHN HS,Network 14,District,Specialty,PORTAGE PARK,200,0,0,0,0,0,0,0,0,0,0,0,11,22,21,146
609871,VICK,Network 10,District,Early Childhood,MORGAN PARK,320,163,157,0,0,0,0,0,0,0,0,0,0,0,0,0
610209,VOLTA,Network 1,District,Traditional,ALBANY PARK,695,1,57,64,81,65,60,73,75,73,66,80,0,0,0,0
610039,VON LINNE,Network 4,District,Traditional,AVONDALE,619,1,55,60,80,74,68,60,66,60,37,58,0,0,0,0
609737,VON STEUBEN HS,Network 14,District,Traditional,NORTH PARK,"1,647",0,0,0,0,0,0,0,0,0,0,0,442,424,410,371
610366,WACKER,ISP,District,Traditional,WASHINGTON HEIGHTS,219,2,17,21,14,24,20,28,25,25,20,23,0,0,0,0
610213,WADSWORTH,Network 9,District,Traditional,WOODLAWN,466,29,35,44,32,39,40,47,48,51,52,49,0,0,0,0
610216,WALSH,Network 7,District,Traditional,LOWER WEST SIDE,238,15,19,23,25,21,18,23,19,29,21,25,0,0,0,0
610217,WARD J,ISP,District,Traditional,ARMOUR SQUARE,516,0,41,53,46,42,55,51,61,59,52,56,0,0,0,0
610133,WARD L,Network 5,District,Traditional,HUMBOLDT PARK,249,16,20,18,26,17,23,23,26,25,24,31,0,0,0,0
610218,WARREN,Network 12,District,Traditional,CALUMET HEIGHTS,242,1,20,26,24,25,23,23,17,30,27,26,0,0,0,0
610219,WASHINGTON G ES,Network 13,District,Traditional,EAST SIDE,638,0,40,57,48,64,55,58,69,69,84,94,0,0,0,0
610124,WASHINGTON H ES,Network 12,District,Traditional,BURNSIDE,248,1,19,25,23,25,32,21,28,28,20,26,0,0,0,0
609739,WASHINGTON HS,Network 17,District,Traditional,EAST SIDE,"1,496",0,0,0,0,0,0,0,0,0,0,0,366,398,374,358
610220,WATERS,Network 2,District,Traditional,LINCOLN SQUARE,616,0,19,77,78,73,75,63,67,55,64,45,0,0,0,0
610221,WEBSTER,Network 5,District,Traditional,WEST GARFIELD PARK,213,2,24,16,18,29,22,18,17,24,18,25,0,0,0,0
610110,WELLS ES,Network 9,District,Traditional,DOUGLAS,287,0,29,36,25,34,36,26,22,30,25,24,0,0,0,0
609740,WELLS HS,Network 15,District,Traditional,WEST TOWN,313,0,0,0,0,0,0,0,0,0,0,0,68,101,76,68
610223,WENTWORTH,Network 11,District,Traditional,WEST ENGLEWOOD,403,16,32,44,46,49,35,37,34,37,33,40,0,0,0,0
610100,WEST PARK,Network 5,District,Traditional,HUMBOLDT PARK,459,0,35,39,42,43,49,53,46,42,52,58,0,0,0,0
610542,WEST RIDGE,ISP,District,Traditional,WEST RIDGE,610,15,18,43,65,64,67,67,65,67,69,70,0,0,0,0
610300,WESTCOTT,Network 11,District,Traditional,CHATHAM,415,14,32,39,42,38,35,45,49,40,37,44,0,0,0,0
609693,WESTINGHOUSE HS,Network 15,District,Traditional,HUMBOLDT PARK,"1,206",0,0,0,0,0,0,0,0,0,0,0,297,310,287,312
610225,WHISTLER,Network 13,District,Traditional,WEST PULLMAN,268,1,24,29,34,28,19,26,31,26,27,23,0,0,0,0
610315,WHITE,Network 13,District,Traditional,WEST PULLMAN,116,1,6,12,14,14,10,13,7,18,10,11,0,0,0,0
610227,WHITNEY,Network 7,District,Traditional,SOUTH LAWNDALE,595,0,33,64,57,43,52,47,69,67,86,77,0,0,0,0
610228,WHITTIER,Network 7,District,Traditional,LOWER WEST SIDE,165,3,9,14,18,21,17,15,13,18,15,22,0,0,0,0
610230,WILDWOOD,Network 1,District,Traditional,FOREST GLEN,467,1,38,41,53,48,51,42,55,47,42,49,0,0,0,0
610380,WILLIAMS HS,Network 17,District,Traditional,GRAND BOULEVARD,72,0,0,0,0,0,0,0,0,0,0,0,34,10,16,12
609977,WOODLAWN,Network 9,District,Traditional,WOODLAWN,181,7,19,23,19,26,21,19,25,22,0,0,0,0,0,0
610345,WOODSON,Network 9,District,Traditional,GRAND BOULEVARD,290,0,16,25,33,29,23,31,32,40,32,29,0,0,0,0
610392,WORLD LANGUAGE HS,Network 15,District,Traditional,SOUTH LAWNDALE,344,0,0,0,0,0,0,0,0,0,0,0,117,76,74,77
610234,YATES,Network 5,District,Traditional,LOGAN SQUARE,273,1,19,27,27,18,24,27,21,33,31,45,0,0,0,0
609748,YORK HS,Network 16,District,Options,SOUTH LAWNDALE,163,0,0,0,0,0,0,0,0,0,0,0,65,45,38,15
610235,YOUNG ES,Network 3,District,Traditional,AUSTIN,476,2,25,49,51,45,28,54,52,47,52,71,0,0,0,0
609755,YOUNG HS,Network 15,District,Traditional,NEAR WEST SIDE,"2,152",0,0,0,0,0,0,0,0,0,136,114,502,458,474,468
609973,ZAPATA,Network 7,District,Traditional,SOUTH LAWNDALE,514,0,28,39,60,48,40,59,54,56,63,67,0,0,0,0
400153,ACERO - BRIGHTON PARK,Charter,Charter,Traditional,BRIGHTON PARK,533,0,0,60,55,58,59,62,61,59,58,61,0,0,0,0
400101,ACERO - CISNEROS,Charter,Charter,Traditional,BRIGHTON PARK,417,0,0,26,36,44,47,47,56,46,56,59,0,0,0,0
400120,ACERO - CLEMENTE,Charter,Charter,Traditional,BELMONT CRAGIN,456,0,0,42,44,49,52,47,46,59,59,58,0,0,0,0
400121,ACERO - DE LA CRUZ,Charter,Charter,Traditional,WEST RIDGE,513,0,0,39,45,41,41,41,40,43,45,35,43,41,37,22
400081,ACERO - DE LAS CASAS,Charter,Charter,Traditional,LOWER WEST SIDE,244,0,0,29,27,27,22,30,26,28,30,25,0,0,0,0
400082,ACERO - FUENTES,Charter,Charter,Traditional,AVONDALE,402,0,0,34,38,37,45,48,43,51,51,55,0,0,0,0
400085,ACERO - GARCIA HS,Charter,Charter,Traditional,ARCHER HEIGHTS,646,0,0,0,0,0,0,0,0,0,0,0,155,166,161,164
400112,ACERO - IDAR,Charter,Charter,Traditional,GAGE PARK,521,0,0,55,58,59,57,56,58,58,60,60,0,0,0,0
400089,ACERO - MARQUEZ,Charter,Charter,Traditional,BRIGHTON PARK,526,0,0,59,59,57,55,60,60,59,60,57,0,0,0,0
400083,ACERO - PAZ,Charter,Charter,Traditional,SOUTH LAWNDALE,173,0,0,16,13,18,13,19,22,14,27,31,0,0,0,0
400114,ACERO - SANTIAGO,Charter,Charter,Traditional,WEST TOWN,221,0,0,13,20,20,27,28,29,28,29,27,0,0,0,0
400149,ACERO - SOTO HS,Charter,Charter,Traditional,GAGE PARK,562,0,0,0,0,0,0,0,0,0,0,0,142,137,141,142
400084,ACERO - TAMAYO,Charter,Charter,Traditional,GAGE PARK,270,0,0,30,30,30,30,30,30,30,30,30,0,0,0,0
400080,ACERO - TORRES,Charter,Charter,Traditional,ARCHER HEIGHTS,530,0,0,41,53,50,52,66,76,75,58,59,0,0,0,0
400079,ACERO - ZIZUMBO,Charter,Charter,Traditional,ARCHER HEIGHTS,552,0,0,53,58,53,56,56,56,80,58,82,0,0,0,0
400060,AHS - PASSAGES,Charter,Charter,Traditional,EDGEWATER,309,0,0,34,39,37,39,32,41,20,35,32,0,0,0,0
400181,ART IN MOTION,Charter,Charter,Traditional,SOUTH SHORE,559,0,0,0,0,0,0,0,0,0,41,58,211,138,111,0
400172,ASPIRA - BUSINESS & FINANCE HS,Charter,Charter,Traditional,AVONDALE,494,0,0,0,0,0,0,0,0,0,0,0,148,103,103,140
400013,ASPIRA - EARLY COLLEGE HS,Charter,Charter,Traditional,AVONDALE,262,0,0,0,0,0,0,0,0,0,0,0,62,74,49,77
400017,ASPIRA - HAUGAN,Charter,Charter,Traditional,ALBANY PARK,103,0,0,0,0,0,0,0,0,26,28,49,0,0,0,0
400021,CATALYST - CIRCLE ROCK,Charter,Charter,Traditional,AUSTIN,519,0,0,50,60,54,59,59,58,60,59,60,0,0,0,0
400115,CATALYST - MARIA,Charter,Charter,Traditional,CHICAGO LAWN,556,0,0,70,65,59,60,59,60,63,60,60,0,0,0,0
400182,CATALYST - MARIA (HS),Charter,Charter,Traditional,CHICAGO LAWN,552,0,0,0,0,0,0,0,0,0,0,0,159,138,133,122
400161,CHICAGO COLLEGIATE,Charter,Charter,Traditional,WEST PULLMAN,255,0,0,0,0,0,0,0,12,23,39,35,54,36,29,27
400035,CHICAGO MATH & SCIENCE HS,Charter,Charter,Traditional,ROGERS PARK,601,0,0,0,0,0,0,0,0,56,72,89,112,105,93,74
400159,CHRISTOPHER HOUSE,Charter,Charter,Traditional,BELMONT CRAGIN,450,0,0,45,50,49,51,56,47,57,44,51,0,0,0,0
400023,CICS - AVALON/SOUTH SHORE,Charter,Charter,Traditional,AVALON PARK,457,0,0,56,70,51,60,35,34,42,61,48,0,0,0,0
400024,CICS - BASIL,Charter,Charter,Traditional,NEW CITY,479,0,0,48,59,64,56,61,57,49,47,38,0,0,0,0
400092,CICS - BOND,Charter,Charter,Traditional,RIVERDALE,253,0,0,30,42,27,41,32,36,45,0,0,0,0,0,0
400025,CICS - BUCKTOWN,Charter,Charter,Traditional,LOGAN SQUARE,630,0,0,58,73,68,72,60,76,72,74,77,0,0,0,0
400032,CICS - ELLISON HS,Charter,Charter,Traditional,AUBURN GRESHAM,205,0,0,0,0,0,0,0,0,0,0,0,58,72,43,32
400027,CICS - IRVING PARK,Charter,Charter,Traditional,IRVING PARK,532,0,0,60,60,59,58,52,64,63,57,59,0,0,0,0
400033,CICS - LONGWOOD,Charter,Charter,Traditional,WASHINGTON HEIGHTS,"1,240",0,0,0,0,0,142,146,138,137,127,129,115,97,107,102
400026,CICS - LOOMIS,Charter,Charter,Traditional,WASHINGTON HEIGHTS,356,0,0,113,122,121,0,0,0,0,0,0,0,0,0,0
400034,CICS - NORTHTOWN HS,Charter,Charter,Traditional,NORTH PARK,882,0,0,0,0,0,0,0,0,0,0,0,222,234,215,211
400028,CICS - PRAIRIE,Charter,Charter,Traditional,WEST PULLMAN,399,0,0,41,55,29,30,29,57,54,48,56,0,0,0,0
400029,CICS - WASHINGTON PARK,Charter,Charter,Traditional,WASHINGTON PARK,495,0,0,53,47,60,60,61,53,56,52,53,0,0,0,0
400030,CICS - WEST BELDEN,Charter,Charter,Traditional,BELMONT CRAGIN,548,0,0,60,57,68,62,61,57,63,62,58,0,0,0,0
400031,CICS - WRIGHTWOOD,Charter,Charter,Traditional,ASHBURN,643,0,0,57,65,65,74,80,74,73,74,81,0,0,0,0
400094,EPIC HS,Charter,Charter,Traditional,SOUTH CHICAGO,330,0,0,0,0,0,0,0,0,0,0,0,63,72,92,103
400039,ERIE,Charter,Charter,Traditional,WEST TOWN,380,0,0,34,48,38,42,40,43,47,45,43,0,0,0,0
400009,GLOBAL CITIZENSHIP,Charter,Charter,Traditional,GARFIELD RIDGE,462,0,0,54,54,53,54,55,48,50,47,47,0,0,0,0
400168,GREAT LAKES,Charter,Charter,Traditional,SOUTH CHICAGO,526,0,0,60,61,55,62,59,58,61,58,52,0,0,0,0
400167,HORIZON - SOUTHWEST,Charter,Charter,Traditional,GAGE PARK,739,0,0,50,49,51,55,50,69,79,73,78,47,65,35,38
400104,INSTITUTO - HEALTH,Charter,Charter,Traditional,LOWER WEST SIDE,631,0,0,0,0,0,0,0,0,0,0,0,173,175,156,127
400164,INSTITUTO - JUSTICE HS,Options,Charter,Options,LOWER WEST SIDE,92,0,0,0,0,0,0,0,0,0,0,0,27,20,37,8
400162,INTRINSIC HS,Charter,Charter,Traditional,IRVING PARK,990,0,0,0,0,0,0,0,0,0,160,146,180,181,170,153
400146,KIPP - ACADEMY,Charter,Charter,Traditional,AUSTIN,619,0,0,60,90,88,89,23,30,59,91,89,0,0,0,0
400044,KIPP - ASCEND,Charter,Charter,Traditional,NORTH LAWNDALE,944,0,0,95,119,105,125,121,90,99,97,93,0,0,0,0
400163,KIPP - BLOOM,Charter,Charter,Traditional,ENGLEWOOD,865,0,0,81,120,124,123,125,36,87,77,92,0,0,0,0
400180,KIPP - ONE,Charter,Charter,Traditional,HUMBOLDT PARK,"1,003",0,0,109,125,111,120,128,109,108,97,96,0,0,0,0
400151,LEARN - 7,Charter,Charter,Traditional,EAST GARFIELD PARK,179,0,0,27,31,27,30,31,33,0,0,0,0,0,0,0
400046,LEARN - BUTLER,Charter,Charter,Traditional,NORTH LAWNDALE,515,0,0,57,59,59,61,51,55,56,61,56,0,0,0,0
400047,LEARN - CAMPBELL,Charter,Charter,Traditional,EAST GARFIELD PARK,369,0,0,62,55,59,54,51,46,42,0,0,0,0,0,0
400048,LEARN - EXCEL,Charter,Charter,Traditional,EAST GARFIELD PARK,376,0,0,58,60,49,55,48,62,44,0,0,0,0,0,0
400165,LEARN - MIDDLE,Charter,Charter,Traditional,EAST GARFIELD PARK,282,0,0,0,0,0,0,0,0,45,110,127,0,0,0,0
400111,LEARN - PERKINS,Charter,Charter,Traditional,AUBURN GRESHAM,476,0,0,51,73,53,47,53,60,54,41,44,0,0,0,0
400107,LEARN - SOUTH CHICAGO,Charter,Charter,Traditional,SOUTH CHICAGO,416,0,0,46,51,46,50,49,44,48,40,42,0,0,0,0
400049,LEGACY,Charter,Charter,Traditional,NORTH LAWNDALE,455,0,0,48,54,51,51,52,53,52,49,45,0,0,0,0
400119,LEGAL PREP HS,Charter,Charter,Traditional,WEST GARFIELD PARK,262,0,0,0,0,0,0,0,0,0,0,0,98,59,43,62
400011,LOCKE A,Charter,Charter,Traditional,EAST GARFIELD PARK,323,0,0,44,40,40,31,32,28,36,36,36,0,0,0,0
400116,MONTESSORI ENGLEWOOD,Charter,Charter,Traditional,WEST ENGLEWOOD,330,0,0,37,46,46,38,38,26,40,28,31,0,0,0,0
400178,MOVING EVEREST,Charter,Charter,Traditional,AUSTIN,781,0,0,78,90,73,92,96,87,87,88,90,0,0,0,0
400050,NAMASTE,Charter,Charter,Traditional,MCKINLEY PARK,422,0,0,31,48,46,51,57,45,55,43,46,0,0,0,0
400058,NLCP - CHRISTIANA HS,Charter,Charter,Traditional,NORTH LAWNDALE,323,0,0,0,0,0,0,0,0,0,0,0,89,85,77,72
400059,NLCP - COLLINS HS,Charter,Charter,Traditional,NORTH LAWNDALE,432,0,0,0,0,0,0,0,0,0,0,0,95,116,114,107
400170,NOBLE - ACADEMY HS,Charter,Charter,Traditional,NEAR NORTH SIDE,593,0,0,0,0,0,0,0,0,0,0,0,169,134,158,132
400157,NOBLE - BAKER HS,Charter,Charter,Traditional,SOUTH CHICAGO,273,0,0,0,0,0,0,0,0,0,0,0,68,74,61,70
400097,NOBLE - BULLS HS,Charter,Charter,Traditional,NEAR WEST SIDE,"1,178",0,0,0,0,0,0,0,0,0,0,0,324,278,273,303
400156,NOBLE - BUTLER HS,Charter,Charter,Traditional,PULLMAN,652,0,0,0,0,0,0,0,0,0,0,0,192,141,165,154
400052,NOBLE - COMER,Charter,Charter,Traditional,GREATER GRAND CROSSING,"1,040",0,0,0,0,0,0,0,0,74,90,110,220,143,209,194
400118,NOBLE - DRW HS,Charter,Charter,Traditional,NORTH LAWNDALE,353,0,0,0,0,0,0,0,0,0,0,0,106,108,74,65
400053,NOBLE - GOLDER HS,Charter,Charter,Traditional,WEST TOWN,638,0,0,0,0,0,0,0,0,0,0,0,166,171,147,154
400117,NOBLE - HANSBERRY HS,Charter,Charter,Traditional,AUBURN GRESHAM,500,0,0,0,0,0,0,0,0,0,0,0,150,122,125,103
400169,NOBLE - ITW SPEER HS,Charter,Charter,Traditional,BELMONT CRAGIN,"1,111",0,0,0,0,0,0,0,0,0,0,0,270,286,267,288
400106,NOBLE - JOHNSON HS,Charter,Charter,Traditional,ENGLEWOOD,476,0,0,0,0,0,0,0,0,0,0,0,144,110,98,124
400179,NOBLE - MANSUETO HS,Charter,Charter,Traditional,BRIGHTON PARK,"1,045",0,0,0,0,0,0,0,0,0,0,0,267,265,256,257
400098,NOBLE - MUCHIN HS,Charter,Charter,Traditional,LOOP,861,0,0,0,0,0,0,0,0,0,0,0,229,193,223,216
400051,NOBLE - NOBLE HS,Charter,Charter,Traditional,WEST TOWN,662,0,0,0,0,0,0,0,0,0,0,0,183,159,164,156
400054,NOBLE - PRITZKER HS,Charter,Charter,Traditional,HERMOSA,969,0,0,0,0,0,0,0,0,0,0,0,257,232,238,242
400055,NOBLE - RAUNER HS,Charter,Charter,Traditional,WEST TOWN,666,0,0,0,0,0,0,0,0,0,0,0,165,176,165,160
400056,NOBLE - ROWE CLARK HS,Charter,Charter,Traditional,HUMBOLDT PARK,397,0,0,0,0,0,0,0,0,0,0,0,121,86,96,94
400057,NOBLE - UIC HS,Charter,Charter,Traditional,NEAR WEST SIDE,903,0,0,0,0,0,0,0,0,0,0,0,247,199,238,219
400064,PERSPECTIVES - JOSLIN HS,Charter,Charter,Traditional,NEAR SOUTH SIDE,380,0,0,0,0,0,0,0,0,13,22,29,116,66,67,67
400061,PERSPECTIVES - LEADERSHIP HS,Charter,Charter,Traditional,CHATHAM,707,0,0,0,0,0,0,0,0,53,49,66,215,127,93,104
400066,PERSPECTIVES - MATH & SCI HS,Charter,Charter,Traditional,DOUGLAS,413,0,0,0,0,0,0,0,0,0,18,29,145,86,68,67
400062,PERSPECTIVES - TECH HS,Charter,Charter,Traditional,CHATHAM,361,0,0,0,0,0,0,0,0,0,0,0,106,82,116,57
400069,POLARIS,Charter,Charter,Traditional,HUMBOLDT PARK,381,0,0,27,51,45,28,47,39,45,48,51,0,0,0,0
400071,PROVIDENCE ENGLEWOOD,Charter,Charter,Traditional,WEST ENGLEWOOD,429,0,0,57,44,59,38,50,58,37,43,43,0,0,0,0
400096,ROWE,Charter,Charter,Traditional,WEST TOWN,758,0,0,55,75,73,79,96,87,106,89,98,0,0,0,0
400075,U OF C - DONOGHUE,Charter,Charter,Traditional,OAKLAND,452,0,0,62,84,80,79,82,65,0,0,0,0,0,0,0
400076,U OF C - NKO,Charter,Charter,Traditional,KENWOOD,298,0,0,41,51,49,52,59,46,0,0,0,0,0,0,0
400077,U OF C - WOODLAWN HS,Charter,Charter,Traditional,WOODLAWN,578,0,0,0,0,0,0,0,0,78,88,67,117,94,78,56
400105,URBAN PREP - BRONZEVILLE HS,Charter,Charter,Traditional,DOUGLAS,222,0,0,0,0,0,0,0,0,0,0,0,54,48,58,62
400086,URBAN PREP - ENGLEWOOD HS,Charter,Charter,Traditional,ENGLEWOOD,161,0,0,0,0,0,0,0,0,0,0,0,47,35,35,44
400125,YCCS - ASPIRA PANTOJA,Options,Charter,Options,AVONDALE,192,0,0,0,0,0,0,0,0,0,0,0,1,97,56,38
400126,YCCS - ASSOCIATION HOUSE,Options,Charter,Options,HUMBOLDT PARK,83,0,0,0,0,0,0,0,0,0,0,0,0,56,27,0
400131,YCCS - CAMPOS,Options,Charter,Options,WEST TOWN,115,0,0,0,0,0,0,0,0,0,0,0,0,35,56,24
400128,YCCS - CCA ACADEMY,Options,Charter,Options,NORTH LAWNDALE,119,0,0,0,0,0,0,0,0,0,0,0,0,54,50,15
400150,YCCS - CHATHAM,Options,Charter,Options,CHATHAM,124,0,0,0,0,0,0,0,0,0,0,0,1,88,34,1
400133,YCCS - INNOVATIONS,Options,Charter,Options,LOOP,509,0,0,0,0,0,0,0,0,0,0,0,2,185,210,112
400135,YCCS - LATINO YOUTH,Options,Charter,Options,SOUTH LAWNDALE,157,0,0,0,0,0,0,0,0,0,0,0,0,90,58,9
400124,YCCS - MCKINLEY,Options,Charter,Options,DOUGLAS,89,0,0,0,0,0,0,0,0,0,0,0,0,37,40,12
400136,YCCS - OLIVE HARVEY,Options,Charter,Options,PULLMAN,111,0,0,0,0,0,0,0,0,0,0,0,0,36,56,19
400129,YCCS - PROGRESSIVE LEADERSHIP,Options,Charter,Options,GREATER GRAND CROSSING,142,0,0,0,0,0,0,0,0,0,0,0,1,36,72,33
400123,YCCS - SCHOLASTIC ACHIEVEMENT,Options,Charter,Options,AUSTIN,129,0,0,0,0,0,0,0,0,0,0,0,0,83,33,13
400139,YCCS - SULLIVAN,Options,Charter,Options,AVALON PARK,301,0,0,0,0,0,0,0,0,0,0,0,0,298,3,0
400141,YCCS - TRUMAN,Options,Charter,Options,UPTOWN,178,0,0,0,0,0,0,0,0,0,0,0,0,33,75,70
400144,YCCS - WEST,Options,Charter,Options,AUSTIN,78,0,0,0,0,0,0,0,0,0,0,0,0,38,35,5
400143,YCCS - WEST TOWN,Options,Charter,Options,HUMBOLDT PARK,96,0,0,0,0,0,0,0,0,0,0,0,0,47,30,19
400145,YCCS - YOUTH CONNECTION,Options,Charter,Options,LOWER WEST SIDE,116,0,0,0,0,0,0,0,0,0,0,0,0,20,64,32
400130,YCCS - YOUTH DEVELOPMENT,Options,Charter,Options,AUBURN GRESHAM,86,0,0,0,0,0,0,0,0,0,0,0,0,52,22,12
400022,CHIARTS HS,Contract,Contract,Traditional,WEST TOWN,599,0,0,0,0,0,0,0,0,0,0,0,152,160,155,132
400147,CHICAGO EXCEL HS,Options,Contract,Options,MORGAN PARK,225,0,0,0,0,0,0,0,0,0,0,0,13,61,84,67
400091,CHICAGO TECH HS,Contract,Contract,Traditional,NEAR WEST SIDE,424,0,0,0,0,0,0,0,0,0,0,0,138,96,97,93
610565,EXCEL ENGLEWOOD HS,Options,Contract,Options,ENGLEWOOD,212,0,0,0,0,0,0,0,0,0,0,0,0,67,76,69
400175,EXCEL SOUTH SHORE HS,Options,Contract,Options,SOUTH SHORE,222,0,0,0,0,0,0,0,0,0,0,0,45,51,85,41
400176,EXCEL SOUTHWEST HS,Options,Contract,Options,CHICAGO LAWN,125,0,0,0,0,0,0,0,0,0,0,0,3,37,63,22
400043,HOPE LEARNING ACADEMY,Contract,Contract,Traditional,NEAR WEST SIDE,241,0,0,31,37,46,43,41,43,0,0,0,0,0,0,0
400137,LITTLE BLACK PEARL HS,Options,Contract,Options,KENWOOD,83,0,0,0,0,0,0,0,0,0,0,0,11,27,22,23
400068,PLATO,Contract,Contract,Traditional,AUSTIN,175,0,0,14,20,8,21,16,28,22,20,26,0,0,0,0
610572,SAFE ACHIEVE ES,Options,Safe,Options,SOUTH SHORE,2,0,0,0,0,0,0,0,0,0,0,2,0,0,0,0
610573,SAFE ACHIEVE HS,Options,Safe,Options,SOUTH SHORE,34,0,0,0,0,0,0,0,0,0,0,0,4,18,8,4
610569,OMBUDSMAN - NORTHWEST HS,Options,ALOP,Options,EDISON PARK,133,0,0,0,0,0,0,0,0,0,0,0,14,29,44,46
610593,OMBUDSMAN - ROSELAND HS,Options,ALOP,Options,MORGAN PARK,140,0,0,0,0,0,0,0,0,0,0,0,21,34,40,45
610570,OMBUDSMAN - SOUTH HS,Options,ALOP,Options,CHICAGO LAWN,231,0,0,0,0,0,0,0,0,0,0,0,29,56,98,48
610571,OMBUDSMAN - WEST HS,Options,ALOP,Options,NEAR WEST SIDE,116,0,0,0,0,0,0,0,0,0,0,0,24,30,36,26
610557,PATHWAYS - ASHBURN HS,Options,ALOP,Options,ASHBURN,259,0,0,0,0,0,0,0,0,0,0,0,36,46,156,21
610568,PATHWAYS - AVONDALE HS,Options,ALOP,Options,AVONDALE,305,0,0,0,0,0,0,0,0,0,0,0,17,68,217,3
400173,PATHWAYS - BRIGHTON PARK HS,Options,ALOP,Options,BRIGHTON PARK,418,0,0,0,0,0,0,0,0,0,0,0,23,69,302,24
610594,PATHWAYS - HUMBOLDT PARK HS,Options,ALOP,Options,WEST TOWN,150,0,0,0,0,0,0,0,0,0,0,0,2,36,110,2
